{
	"credit": "Made with Blockbench",
	"textures": {
		"0": "block/oak_planks",
		"1": "blocks/cog",
		"2": "blocks/battery",
		"particle": "block/oak_planks"
	},
	"elements": [
		{
			"from": [0, 0, 0],
			"to": [3, 1, 3],
			"faces": {
				"north": {"uv": [0, 0, 3, 1], "texture": "#1"},
				"east": {"uv": [0, 0, 3, 1], "texture": "#1"},
				"south": {"uv": [0, 0, 3, 1], "texture": "#1"},
				"west": {"uv": [0, 0, 3, 1], "texture": "#1"},
				"up": {"uv": [0, 0, 3, 3], "texture": "#missing"},
				"down": {"uv": [4, 4, 8, 8], "texture": "#1"}
			}
		},
		{
			"from": [13, 0, 0],
			"to": [16, 1, 3],
			"faces": {
				"north": {"uv": [0, 0, 3, 1], "texture": "#1"},
				"east": {"uv": [0, 0, 3, 1], "texture": "#1"},
				"south": {"uv": [0, 0, 3, 1], "texture": "#1"},
				"west": {"uv": [0, 0, 3, 1], "texture": "#1"},
				"up": {"uv": [0, 0, 3, 3], "texture": "#missing"},
				"down": {"uv": [4, 4, 8, 8], "texture": "#1"}
			}
		},
		{
			"from": [0, 0, 13],
			"to": [3, 1, 16],
			"faces": {
				"north": {"uv": [0, 0, 3, 1], "texture": "#1"},
				"east": {"uv": [0, 0, 3, 1], "texture": "#1"},
				"south": {"uv": [0, 0, 3, 1], "texture": "#1"},
				"west": {"uv": [0, 0, 3, 1], "texture": "#1"},
				"up": {"uv": [0, 0, 3, 3], "texture": "#missing"},
				"down": {"uv": [4, 4, 8, 8], "texture": "#1"}
			}
		},
		{
			"from": [13, 0, 13],
			"to": [16, 1, 16],
			"faces": {
				"north": {"uv": [0, 0, 3, 1], "texture": "#1"},
				"east": {"uv": [0, 0, 3, 1], "texture": "#1"},
				"south": {"uv": [0, 0, 3, 1], "texture": "#1"},
				"west": {"uv": [0, 0, 3, 1], "texture": "#1"},
				"up": {"uv": [0, 0, 3, 3], "texture": "#missing"},
				"down": {"uv": [4, 4, 8, 8], "texture": "#1"}
			}
		},
		{
			"from": [0, 1, 0],
			"to": [16, 2, 16],
			"faces": {
				"north": {"uv": [0, 0, 16, 1], "texture": "#0"},
				"east": {"uv": [0, 0, 16, 1], "texture": "#0"},
				"south": {"uv": [0, 0, 16, 1], "texture": "#0"},
				"west": {"uv": [0, 0, 16, 1], "texture": "#0"},
				"up": {"uv": [0, 0, 16, 16], "texture": "#0"},
				"down": {"uv": [0, 0, 16, 16], "texture": "#0"}
			}
		},
		{
			"from": [1, 2, 4],
			"to": [15, 14, 12],
			"faces": {
				"north": {"uv": [0, 0, 12, 10], "texture": "#2"},
				"east": {"uv": [12, 10, 16, 16], "texture": "#2"},
				"south": {"uv": [0, 0, 12, 10], "texture": "#2"},
				"west": {"uv": [12, 10, 16, 16], "texture": "#2"},
				"up": {"uv": [0, 12, 7, 16], "texture": "#2"},
				"down": {"uv": [0, 0, 14, 8], "texture": "#missing"}
			}
		},
		{
			"from": [11, 14, 5],
			"to": [13, 16, 7],
			"faces": {
				"north": {"uv": [10, 12, 12, 14], "texture": "#2"},
				"east": {"uv": [10, 12, 12, 14], "texture": "#2"},
				"south": {"uv": [10, 12, 12, 14], "texture": "#2"},
				"west": {"uv": [10, 12, 12, 14], "texture": "#2"},
				"up": {"uv": [10, 12, 12, 14], "texture": "#2"},
				"down": {"uv": [10, 12, 12, 14], "texture": "#2"}
			}
		},
		{
			"from": [3, 14, 5],
			"to": [5, 16, 7],
			"faces": {
				"north": {"uv": [10, 14, 12, 16], "texture": "#2"},
				"east": {"uv": [10, 14, 12, 16], "texture": "#2"},
				"south": {"uv": [10, 14, 12, 16], "texture": "#2"},
				"west": {"uv": [10, 14, 12, 16], "texture": "#2"},
				"up": {"uv": [10, 14, 12, 16], "texture": "#2"},
				"down": {"uv": [10, 14, 12, 16], "texture": "#2"}
			}
		}
	],
	"display":
	{
		"head": {
			"rotation": [ -30, 0, 0 ],
			"translation": [ 0, -30.75, -7.25 ],
			"scale": [ 3.0125, 3.0125, 3.0125 ]
		}
	},
	"groups": [
		{
			"name": "Legs",
			"origin": [8, 8, 8],
			"children": [0, 1, 2, 3]
		}, 4, 5, 6, 7]
}
