{
	"credit": "Made with Blockbench",
	"textures": {
		"0": "blocks/generator_texture",
		"1": "blocks/cog",
		"2": "block/oak_planks",
		"3": "block/stone",
		"4": "block/iron_block",
		"particle": "block/iron_block"
	},
	"elements": [
		{
			"from": [16, 1, 1],
			"to": [18, 2, 15],
			"faces": {
				"north": {"uv": [0, 0, 2, 1], "texture": "#2"},
				"east": {"uv": [0, 0, 14, 1], "texture": "#2"},
				"south": {"uv": [0, 0, 2, 1], "texture": "#2"},
				"west": {"uv": [0, 0, 14, 1], "texture": "#missing"},
				"up": {"uv": [0, 0, 2, 14], "texture": "#2"},
				"down": {"uv": [0, 0, 2, 14], "texture": "#2"}
			}
		},
		{
			"from": [-3, 1, 1],
			"to": [16, 2, 15],
			"faces": {
				"north": {"uv": [0, 0, 16, 1], "texture": "#2"},
				"east": {"uv": [0, 0, 14, 1], "texture": "#missing"},
				"south": {"uv": [0, 0, 16, 1], "texture": "#2"},
				"west": {"uv": [0, 0, 14, 1], "texture": "#2"},
				"up": {"uv": [0, 0, 16, 14], "texture": "#2"},
				"down": {"uv": [0, 0, 16, 14], "texture": "#2"}
			}
		},
		{
			"from": [15, 0, 12],
			"to": [18, 1, 15],
			"faces": {
				"north": {"uv": [0, 0, 3, 1], "texture": "#1"},
				"east": {"uv": [0, 0, 3, 1], "texture": "#1"},
				"south": {"uv": [0, 0, 3, 1], "texture": "#1"},
				"west": {"uv": [0, 0, 3, 1], "texture": "#1"},
				"up": {"uv": [0, 0, 3, 3], "texture": "#missing"},
				"down": {"uv": [4, 4, 7, 7], "texture": "#1"}
			}
		},
		{
			"from": [15, 0, 1],
			"to": [18, 1, 4],
			"faces": {
				"north": {"uv": [0, 0, 3, 1], "texture": "#1"},
				"east": {"uv": [0, 0, 3, 1], "texture": "#1"},
				"south": {"uv": [0, 0, 3, 1], "texture": "#1"},
				"west": {"uv": [0, 0, 3, 1], "texture": "#1"},
				"up": {"uv": [0, 0, 3, 3], "texture": "#missing"},
				"down": {"uv": [4, 4, 7, 7], "texture": "#1"}
			}
		},
		{
			"from": [-3, 0, 1],
			"to": [0, 1, 4],
			"faces": {
				"north": {"uv": [0, 0, 3, 1], "texture": "#1"},
				"east": {"uv": [0, 0, 3, 1], "texture": "#1"},
				"south": {"uv": [0, 0, 3, 1], "texture": "#1"},
				"west": {"uv": [0, 0, 3, 1], "texture": "#1"},
				"up": {"uv": [0, 0, 3, 3], "texture": "#missing"},
				"down": {"uv": [4, 4, 7, 7], "texture": "#1"}
			}
		},
		{
			"from": [-3, 0, 12],
			"to": [0, 1, 15],
			"faces": {
				"north": {"uv": [0, 0, 3, 1], "texture": "#1"},
				"east": {"uv": [0, 0, 3, 1], "texture": "#1"},
				"south": {"uv": [0, 0, 3, 1], "texture": "#1"},
				"west": {"uv": [0, 0, 3, 1], "texture": "#1"},
				"up": {"uv": [0, 0, 3, 3], "texture": "#missing"},
				"down": {"uv": [4, 4, 7, 7], "texture": "#1"}
			}
		},
		{
			"from": [13, 11, 7],
			"to": [14, 15.7, 8.6],
			"faces": {
				"north": {"uv": [0, 0, 1, 4.7], "texture": "#4"},
				"east": {"uv": [0, 0, 1.6, 4.7], "texture": "#4"},
				"south": {"uv": [0, 0, 1, 4.7], "texture": "#4"},
				"west": {"uv": [0, 0, 1.6, 4.7], "texture": "#4"},
				"up": {"uv": [0, 0, 1, 1.6], "texture": "#4"},
				"down": {"uv": [0, 0, 1, 1.6], "texture": "#missing"}
			}
		},
		{
			"from": [17, 16, 12],
			"to": [18, 18.7, 13.6],
			"faces": {
				"north": {"uv": [0, 0, 1, 2.7], "texture": "#4"},
				"east": {"uv": [0, 0, 1.6, 2.7], "texture": "#4"},
				"south": {"uv": [0, 0, 1, 2.7], "texture": "#4"},
				"west": {"uv": [0, 0, 1.6, 2.7], "texture": "#4"},
				"up": {"uv": [0, 0, 1, 1.6], "texture": "#4"},
				"down": {"uv": [0, 0, 1, 1.6], "texture": "#missing"}
			}
		},
		{
			"from": [-3, 2, 1],
			"to": [0, 14, 15],
			"faces": {
				"north": {"uv": [0, 0, 3, 12], "texture": "#3"},
				"east": {"uv": [0, 0, 14, 12], "texture": "#3"},
				"south": {"uv": [0, 0, 3, 12], "texture": "#3"},
				"west": {"uv": [0, 0, 14, 12], "texture": "#3"},
				"up": {"uv": [0, 0, 3, 14], "texture": "#3"},
				"down": {"uv": [0, 0, 3, 14], "texture": "#2"}
			}
		},
		{
			"from": [16, 8, 1],
			"to": [18, 14, 15],
			"faces": {
				"north": {"uv": [0, 0, 2, 6], "texture": "#3"},
				"east": {"uv": [0, 0, 14, 6], "texture": "#3"},
				"south": {"uv": [0, 0, 2, 6], "texture": "#3"},
				"west": {"uv": [0, 0, 14, 6], "texture": "#3"},
				"up": {"uv": [0, 0, 2, 14], "texture": "#3"},
				"down": {"uv": [0, 0, 2, 14], "texture": "#3"}
			}
		},
		{
			"from": [16, 2, 1],
			"to": [18, 8, 3],
			"faces": {
				"north": {"uv": [1, 1, 3, 7], "texture": "#3"},
				"east": {"uv": [0, 0, 2, 6], "texture": "#3"},
				"south": {"uv": [0, 0, 2, 6], "texture": "#3"},
				"west": {"uv": [0, 0, 2, 6], "texture": "#3"},
				"up": {"uv": [0, 0, 2, 2], "texture": "#missing"},
				"down": {"uv": [0, 0, 2, 2], "texture": "#missing"}
			}
		},
		{
			"from": [16, 2, 13],
			"to": [18, 8, 15],
			"faces": {
				"north": {"uv": [0, 0, 2, 6], "texture": "#3"},
				"east": {"uv": [0, 0, 2, 6], "texture": "#3"},
				"south": {"uv": [0, 0, 2, 6], "texture": "#3"},
				"west": {"uv": [0, 0, 2, 6], "texture": "#3"},
				"up": {"uv": [0, 0, 2, 2], "texture": "#missing"},
				"down": {"uv": [0, 0, 2, 2], "texture": "#missing"}
			}
		},
		{
			"name": "Engine",
			"from": [0, 4.41421, 4.41421],
			"to": [16, 11.41421, 11.41421],
			"rotation": {"angle": -45, "axis": "x", "origin": [8, 8, 8]},
			"faces": {
				"north": {"uv": [0, 8, 16, 15], "texture": "#0"},
				"east": {"uv": [0, 6.5, 7, 13.5], "texture": "#0"},
				"south": {"uv": [0, 1.5, 16, 7], "texture": "#0"},
				"west": {"uv": [0, 0, 7, 7], "texture": "#missing"},
				"up": {"uv": [0, 0, 16, 7], "texture": "#0"},
				"down": {"uv": [0, 8, 16, 15], "texture": "#0"}
			}
		},
		{
			"name": "Engine stand",
			"from": [1, 2, 7],
			"to": [15, 4, 9],
			"faces": {
				"north": {"uv": [0, 0, 14, 2], "texture": "#0"},
				"east": {"uv": [0, 0, 2, 2], "texture": "#0"},
				"south": {"uv": [0, 0, 14, 2], "texture": "#0"},
				"west": {"uv": [0, 0, 2, 2], "texture": "#0"},
				"up": {"uv": [0, 0, 14, 2], "texture": "#missing"},
				"down": {"uv": [0, 0, 14, 2], "texture": "#missing"}
			}
		},
		{
			"from": [2.6, 10.93015, 6.37849],
			"to": [3.6, 11.93015, 7.37849],
			"rotation": {"angle": -22.5, "axis": "x", "origin": [8, 8, 8]},
			"faces": {
				"north": {"uv": [4, 4, 8, 8], "texture": "#1"},
				"east": {"uv": [4, 4, 8, 8], "texture": "#1"},
				"south": {"uv": [4, 4, 8, 8], "texture": "#1"},
				"west": {"uv": [4, 4, 8, 8], "texture": "#1"},
				"up": {"uv": [0, 0, 4, 4], "texture": "#1"},
				"down": {"uv": [0, 0, 4, 1], "texture": "#missing"}
			}
		},
		{
			"from": [5.2, 10.93015, 6.37849],
			"to": [6.2, 11.93015, 7.37849],
			"rotation": {"angle": -22.5, "axis": "x", "origin": [8, 8, 8]},
			"faces": {
				"north": {"uv": [4, 4, 8, 8], "texture": "#1"},
				"east": {"uv": [4, 4, 8, 8], "texture": "#1"},
				"south": {"uv": [4, 4, 8, 8], "texture": "#1"},
				"west": {"uv": [4, 4, 8, 8], "texture": "#1"},
				"up": {"uv": [0, 0, 4, 4], "texture": "#1"},
				"down": {"uv": [0, 0, 1, 1], "texture": "#missing"}
			}
		},
		{
			"from": [7.8, 10.93015, 6.37849],
			"to": [8.8, 11.93015, 7.37849],
			"rotation": {"angle": -22.5, "axis": "x", "origin": [8, 8, 8]},
			"faces": {
				"north": {"uv": [4, 4, 8, 8], "texture": "#1"},
				"east": {"uv": [4, 4, 8, 8], "texture": "#1"},
				"south": {"uv": [4, 4, 8, 8], "texture": "#1"},
				"west": {"uv": [4, 4, 8, 8], "texture": "#1"},
				"up": {"uv": [0, 0, 4, 4], "texture": "#1"},
				"down": {"uv": [0, 0, 1, 1], "texture": "#missing"}
			}
		},
		{
			"from": [10.4, 10.93015, 6.37849],
			"to": [11.4, 11.93015, 7.37849],
			"rotation": {"angle": -22.5, "axis": "x", "origin": [8, 8, 8]},
			"faces": {
				"north": {"uv": [4, 4, 8, 8], "texture": "#1"},
				"east": {"uv": [4, 4, 8, 8], "texture": "#1"},
				"south": {"uv": [4, 4, 8, 8], "texture": "#1"},
				"west": {"uv": [4, 4, 8, 8], "texture": "#1"},
				"up": {"uv": [0, 0, 4, 4], "texture": "#1"},
				"down": {"uv": [0, 0, 1, 1], "texture": "#missing"}
			}
		},
		{
			"from": [13, 10.93015, 6.37849],
			"to": [14, 11.93015, 7.37849],
			"rotation": {"angle": -22.5, "axis": "x", "origin": [8, 8, 8]},
			"faces": {
				"north": {"uv": [4, 4, 8, 8], "texture": "#1"},
				"east": {"uv": [4, 4, 8, 8], "texture": "#1"},
				"south": {"uv": [4, 4, 8, 8], "texture": "#1"},
				"west": {"uv": [4, 4, 8, 8], "texture": "#1"},
				"up": {"uv": [0, 0, 4, 4], "texture": "#1"},
				"down": {"uv": [0, 0, 1, 1], "texture": "#missing"}
			}
		},
		{
			"from": [13, 10.93015, 8.22625],
			"to": [14, 11.93015, 9.22625],
			"rotation": {"angle": 22.5, "axis": "x", "origin": [8, 8, 8]},
			"faces": {
				"north": {"uv": [4, 4, 8, 8], "texture": "#1"},
				"east": {"uv": [4, 4, 8, 8], "texture": "#1"},
				"south": {"uv": [4, 4, 8, 8], "texture": "#1"},
				"west": {"uv": [4, 4, 8, 8], "texture": "#1"},
				"up": {"uv": [0, 0, 4, 4], "texture": "#1"},
				"down": {"uv": [0, 0, 1, 1], "texture": "#missing"}
			}
		},
		{
			"from": [10.4, 10.93015, 8.22625],
			"to": [11.4, 11.93015, 9.22625],
			"rotation": {"angle": 22.5, "axis": "x", "origin": [8, 8, 8]},
			"faces": {
				"north": {"uv": [4, 4, 8, 8], "texture": "#1"},
				"east": {"uv": [4, 4, 8, 8], "texture": "#1"},
				"south": {"uv": [4, 4, 8, 8], "texture": "#1"},
				"west": {"uv": [4, 4, 8, 8], "texture": "#1"},
				"up": {"uv": [0, 0, 4, 4], "texture": "#1"},
				"down": {"uv": [0, 0, 1, 1], "texture": "#missing"}
			}
		},
		{
			"from": [7.8, 10.93015, 8.22625],
			"to": [8.8, 11.93015, 9.22625],
			"rotation": {"angle": 22.5, "axis": "x", "origin": [8, 8, 8]},
			"faces": {
				"north": {"uv": [4, 4, 8, 8], "texture": "#1"},
				"east": {"uv": [4, 4, 8, 8], "texture": "#1"},
				"south": {"uv": [4, 4, 8, 8], "texture": "#1"},
				"west": {"uv": [4, 4, 8, 8], "texture": "#1"},
				"up": {"uv": [0, 0, 4, 4], "texture": "#1"},
				"down": {"uv": [0, 0, 1, 1], "texture": "#missing"}
			}
		},
		{
			"from": [5.2, 10.93015, 8.22625],
			"to": [6.2, 11.93015, 9.22625],
			"rotation": {"angle": 22.5, "axis": "x", "origin": [8, 8, 8]},
			"faces": {
				"north": {"uv": [4, 4, 8, 8], "texture": "#1"},
				"east": {"uv": [4, 4, 8, 8], "texture": "#1"},
				"south": {"uv": [4, 4, 8, 8], "texture": "#1"},
				"west": {"uv": [4, 4, 8, 8], "texture": "#1"},
				"up": {"uv": [0, 0, 4, 4], "texture": "#1"},
				"down": {"uv": [0, 0, 1, 1], "texture": "#missing"}
			}
		},
		{
			"from": [2.6, 10.93015, 8.22625],
			"to": [3.6, 11.93015, 9.22625],
			"rotation": {"angle": 22.5, "axis": "x", "origin": [8, 8, 8]},
			"faces": {
				"north": {"uv": [4, 4, 8, 8], "texture": "#1"},
				"east": {"uv": [4, 4, 8, 8], "texture": "#1"},
				"south": {"uv": [4, 4, 8, 8], "texture": "#1"},
				"west": {"uv": [4, 4, 8, 8], "texture": "#1"},
				"up": {"uv": [0, 0, 4, 4], "texture": "#1"},
				"down": {"uv": [0, 0, 1, 1], "texture": "#missing"}
			}
		},
		{
			"from": [8.29289, 18.72792, 1],
			"to": [10.29289, 20.72792, 15],
			"rotation": {"angle": -45, "axis": "z", "origin": [8, 8, 8]},
			"faces": {
				"north": {"uv": [0, 0, 2, 2], "texture": "#4"},
				"east": {"uv": [0, 0, 14, 2], "texture": "#4"},
				"south": {"uv": [0, 0, 2, 2], "texture": "#4"},
				"west": {"uv": [0, 0, 14, 2], "texture": "#4"},
				"up": {"uv": [0, 0, 2, 14], "texture": "#4"},
				"down": {"uv": [0, 0, 2, 14], "texture": "#4"}
			}
		},
		{
			"from": [13.5, 12.70711, 12.41421],
			"to": [17.5, 13.70711, 13.41421],
			"rotation": {"angle": -45, "axis": "x", "origin": [8, 8, 8]},
			"faces": {
				"north": {"uv": [0, 0, 4, 1], "texture": "#4"},
				"east": {"uv": [0, 0, 1, 1], "texture": "#missing"},
				"south": {"uv": [0, 0, 4, 1], "texture": "#4"},
				"west": {"uv": [0, 0, 1, 1], "texture": "#4"},
				"up": {"uv": [0, 0, 4, 1], "texture": "#4"},
				"down": {"uv": [0, 0, 4, 1], "texture": "#4"}
			}
		},
		{
			"from": [17.5, 11.29289, 18.07107],
			"to": [20.5, 12.29289, 19.07107],
			"rotation": {"angle": -45, "axis": "x", "origin": [8, 8, 8]},
			"faces": {
				"north": {"uv": [0, 0, 3, 1], "texture": "#4"},
				"east": {"uv": [0, 0, 1, 1], "texture": "#4"},
				"south": {"uv": [0, 0, 3, 1], "texture": "#4"},
				"west": {"uv": [0, 0, 1, 1], "texture": "#4"},
				"up": {"uv": [0, 0, 3, 1], "texture": "#4"},
				"down": {"uv": [0, 0, 3, 1], "texture": "#4"}
			}
		}
	],
	"groups": [
		{
			"name": "group",
			"origin": [8, 8, 8],
			"children": [
				{
					"name": "Legs",
					"origin": [8, 8, 8],
					"children": [
						{
							"name": "Bottom",
							"origin": [8, 8, 8],
							"children": [0, 1]
						}, 2, 3, 4, 5]
				}, 6, 7, 8,
				{
					"name": "group",
					"origin": [8, 8, 8],
					"children": [9, 10, 11]
				}, 12, 13,
				{
					"name": "Cogs",
					"origin": [8, 8, 8],
					"children": [14, 15, 16, 17, 18, 19, 20, 21, 22, 23]
				}, 24, 25, 26]
		}
	],
	"display":
		{
			"head": {
				"rotation": [ -30, 0, 0 ],
				"translation": [ 0, -30.75, -7.25 ],
				"scale": [ 3.0125, 3.0125, 3.0125 ]
			},
			"gui": {
				"rotation": [ 0, 0, 0 ],
				"translation": [ 0, 0, 0 ],
				"scale": [ 0.5, 0.5, 0.5 ]
			},
			"thirdperson": {
				"rotation": [ 0, 0, 0 ],
				"translation": [ 0, 0, 0 ],
				"scale": [ 0.25, 0.25, 0.25 ]
			}
		}
}
