{
	"credit": "Made with Blockbench",
	"textures": {
		"0": "block/iron_block",
		"1": "block/iron_door_bottom",
		"2": "Dokumentumok/cog",
		"4": "block/lever",
		"5": "block/cobblestone",
		"6": "block/oak_planks",
		"7": "Dokumentumok/panel_front",
		"9": "Dokumentumok/panel_side2",
		"particle": "block/iron_block"
	},
	"elements": [
		{
			"from": [0, 1, 0],
			"to": [16, 2, 16],
			"faces": {
				"north": {"uv": [0, 0, 16, 1], "texture": "#6"},
				"east": {"uv": [0, 0, 16, 1], "texture": "#6"},
				"south": {"uv": [0, 0, 16, 1], "texture": "#6"},
				"west": {"uv": [0, 0, 16, 1], "texture": "#6"},
				"up": {"uv": [0, 0, 16, 16], "texture": "#6"},
				"down": {"uv": [0, 0, 16, 16], "texture": "#6"}
			}
		},
		{
			"from": [13, 0, 0],
			"to": [16, 1, 3],
			"faces": {
				"north": {"uv": [0, 0, 3, 1], "texture": "#2"},
				"east": {"uv": [0, 0, 3, 1], "texture": "#2"},
				"south": {"uv": [0, 0, 3, 1], "texture": "#2"},
				"west": {"uv": [0, 0, 3, 1], "texture": "#2"},
				"up": {"uv": [0, 0, 3, 3], "texture": "#missing"},
				"down": {"uv": [4, 4, 8, 8], "texture": "#2"}
			}
		},
		{
			"from": [13, 0, 13],
			"to": [16, 1, 16],
			"faces": {
				"north": {"uv": [0, 0, 3, 1], "texture": "#2"},
				"east": {"uv": [0, 0, 3, 1], "texture": "#2"},
				"south": {"uv": [0, 0, 3, 1], "texture": "#2"},
				"west": {"uv": [0, 0, 3, 1], "texture": "#2"},
				"up": {"uv": [0, 0, 3, 3], "texture": "#missing"},
				"down": {"uv": [4, 4, 8, 8], "texture": "#2"}
			}
		},
		{
			"from": [0, 0, 0],
			"to": [3, 1, 3],
			"faces": {
				"north": {"uv": [0, 0, 3, 1], "texture": "#2"},
				"east": {"uv": [0, 0, 3, 1], "texture": "#2"},
				"south": {"uv": [0, 0, 3, 1], "texture": "#2"},
				"west": {"uv": [0, 0, 3, 1], "texture": "#2"},
				"up": {"uv": [0, 0, 3, 3], "texture": "#missing"},
				"down": {"uv": [4, 4, 8, 8], "texture": "#2"}
			}
		},
		{
			"from": [0, 0, 13],
			"to": [3, 1, 16],
			"faces": {
				"north": {"uv": [0, 0, 3, 1], "texture": "#2"},
				"east": {"uv": [0, 0, 3, 1], "texture": "#2"},
				"south": {"uv": [0, 0, 3, 1], "texture": "#2"},
				"west": {"uv": [0, 0, 3, 1], "texture": "#2"},
				"up": {"uv": [0, 0, 3, 3], "texture": "#missing"},
				"down": {"uv": [4, 4, 8, 8], "texture": "#2"}
			}
		},
		{
			"from": [3, 5.5, 14.25],
			"to": [13, 17.5, 15.25],
			"faces": {
				"north": {"uv": [0, 0, 10, 12], "texture": "#missing"},
				"east": {"uv": [0, 0, 1, 12], "texture": "#0"},
				"south": {"uv": [1, 1, 15, 15], "texture": "#1"},
				"west": {"uv": [0, 0, 1, 12], "texture": "#0"},
				"up": {"uv": [0, 0, 10, 1], "texture": "#0"},
				"down": {"uv": [0, 0, 10, 1], "texture": "#0"}
			}
		},
		{
			"from": [1, 2, 1],
			"to": [15, 19, 15],
			"faces": {
				"north": {"uv": [0, 0, 16, 16], "texture": "#0"},
				"east": {"uv": [0, 0, 16, 16], "texture": "#9"},
				"south": {"uv": [0, 0, 16, 16], "texture": "#0"},
				"west": {"uv": [0, 0, 16, 16], "texture": "#7"},
				"up": {"uv": [0, 0, 16, 16], "texture": "#0"},
				"down": {"uv": [0, 0, 16, 16], "texture": "#0"}
			}
		},
		{
			"from": [4.35916, 13.52395, 7.5],
			"to": [5.35916, 18.52395, 8.5],
			"rotation": {"angle": 45, "axis": "z", "origin": [8, 8, 8]},
			"faces": {
				"north": {"uv": [7, 6, 9, 16], "texture": "#4"},
				"east": {"uv": [7, 6, 9, 16], "texture": "#4"},
				"south": {"uv": [7, 6, 9, 16], "texture": "#4"},
				"west": {"uv": [7, 6, 9, 16], "texture": "#4"},
				"up": {"uv": [7, 6, 9, 8], "texture": "#4"},
				"down": {"uv": [7, 14, 9, 16], "texture": "#4"}
			}
		},
		{
			"from": [0.75, 9, 6.5],
			"to": [1.75, 13, 9.5],
			"faces": {
				"north": {"uv": [0, 0, 4, 6], "texture": "#5"},
				"east": {"uv": [0, 0, 4, 6], "texture": "#5"},
				"south": {"uv": [0, 0, 4, 6], "texture": "#5"},
				"west": {"uv": [0, 0, 4, 6], "texture": "#5"},
				"up": {"uv": [0, 0, 4, 6], "texture": "#5"},
				"down": {"uv": [0, 0, 4, 6], "texture": "#5"}
			}
		},
		{
			"from": [15, 12, 3],
			"to": [18, 14, 5],
			"faces": {
				"north": {"uv": [1, 1, 7, 5], "texture": "#0"},
				"east": {"uv": [0, 0, 2, 2], "texture": "#0"},
				"south": {"uv": [1, 1, 7, 5], "texture": "#0"},
				"west": {"uv": [1, 1, 7, 5], "texture": "#0"},
				"up": {"uv": [1, 1, 7, 5], "texture": "#0"},
				"down": {"uv": [1, 1, 7, 5], "texture": "#0"}
			}
		},
		{
			"from": [16, 14, 3],
			"to": [18, 23, 5],
			"faces": {
				"north": {"uv": [1, 1, 3, 10], "texture": "#0"},
				"east": {"uv": [1, 1, 3, 10], "texture": "#0"},
				"south": {"uv": [1, 1, 3, 10], "texture": "#0"},
				"west": {"uv": [1, 1, 3, 10], "texture": "#0"},
				"up": {"uv": [0, 0, 2, 2], "texture": "#0"},
				"down": {"uv": [1, 1, 3, 10], "texture": "#0"}
			}
		}
	],
	"display":
	{
		"head": {
			"rotation": [ -30, 0, 0 ],
			"translation": [ 0, -30.75, -7.25 ],
			"scale": [ 3.0125, 3.0125, 3.0125 ]
		}
	},
	"groups": [
		{
			"name": "bottom",
			"origin": [8, 8, 8],
			"children": [0,
				{
					"name": "legs",
					"origin": [8, 8, 8],
					"children": [1, 2, 3, 4]
				}
			]
		},
		{
			"name": "base",
			"origin": [8, 8, 8],
			"children": [5, 6]
		},
		{
			"name": "lever",
			"origin": [8, 8, 8],
			"children": [7, 8]
		}, 9, 10]
}
