{
	"credit": "Made with Blockbench",
	"textures": {
		"0": "blocks/cog",
		"1": "block/oak_planks",
		"2": "block/iron_block",
		"3": "blocks/fan",
		"particle": "Dokumentumok/cog"
	},
	"elements": [
		{
			"name": "base",
			"from": [0.5, 1, 2],
			"to": [15.5, 1.25, 13],
			"faces": {
				"north": {"uv": [0, 0, 15, 0.25], "texture": "#1"},
				"east": {"uv": [0, 0, 11, 0.25], "texture": "#1"},
				"south": {"uv": [0, 0, 15, 0.25], "texture": "#1"},
				"west": {"uv": [0, 0, 11, 0.25], "texture": "#1"},
				"up": {"uv": [0, 0, 15, 11], "texture": "#1"},
				"down": {"uv": [0, 0, 15, 11], "texture": "#1"}
			}
		},
		{
			"from": [0.5, 0, 2],
			"to": [3.5, 1, 5],
			"faces": {
				"north": {"uv": [0, 0, 3, 1], "texture": "#0"},
				"east": {"uv": [0, 0, 3, 1], "texture": "#0"},
				"south": {"uv": [0, 0, 3, 1], "texture": "#0"},
				"west": {"uv": [0, 0, 3, 1], "texture": "#0"},
				"up": {"uv": [0, 0, 3, 3], "texture": "#missing"},
				"down": {"uv": [4, 4, 8, 8], "texture": "#0"}
			}
		},
		{
			"from": [0.5, 0, 10],
			"to": [3.5, 1, 13],
			"faces": {
				"north": {"uv": [0, 0, 3, 1], "texture": "#0"},
				"east": {"uv": [0, 0, 3, 1], "texture": "#0"},
				"south": {"uv": [0, 0, 3, 1], "texture": "#0"},
				"west": {"uv": [0, 0, 3, 1], "texture": "#0"},
				"up": {"uv": [0, 0, 3, 3], "texture": "#missing"},
				"down": {"uv": [4, 4, 8, 8], "texture": "#0"}
			}
		},
		{
			"from": [12.5, 0, 2],
			"to": [15.5, 1, 5],
			"faces": {
				"north": {"uv": [0, 0, 3, 1], "texture": "#0"},
				"east": {"uv": [0, 0, 3, 1], "texture": "#0"},
				"south": {"uv": [0, 0, 3, 1], "texture": "#0"},
				"west": {"uv": [0, 0, 3, 1], "texture": "#0"},
				"up": {"uv": [0, 0, 3, 3], "texture": "#missing"},
				"down": {"uv": [4, 4, 8, 8], "texture": "#0"}
			}
		},
		{
			"from": [12.5, 0, 10],
			"to": [15.5, 1, 13],
			"faces": {
				"north": {"uv": [0, 0, 3, 1], "texture": "#0"},
				"east": {"uv": [0, 0, 3, 1], "texture": "#0"},
				"south": {"uv": [0, 0, 3, 1], "texture": "#0"},
				"west": {"uv": [0, 0, 3, 1], "texture": "#0"},
				"up": {"uv": [0, 0, 3, 3], "texture": "#missing"},
				"down": {"uv": [4, 4, 8, 8], "texture": "#0"}
			}
		},
		{
			"name": "HeatsinkPart",
			"from": [2.45, 7.85, 3.1],
			"to": [13.45, 9.85, 3.3],
			"faces": {
				"north": {"uv": [0, 0, 16, 16], "texture": "#2"},
				"east": {"uv": [0, 0, 16, 16], "texture": "#2"},
				"south": {"uv": [0, 0, 16, 16], "texture": "#2"},
				"west": {"uv": [0, 0, 16, 16], "texture": "#2"},
				"up": {"uv": [0, 0, 16, 16], "texture": "#2"},
				"down": {"uv": [0, 0, 16, 16], "texture": "#2"}
			}
		},
		{
			"name": "HeatsinkPart",
			"from": [2.45, 7.85, 5.1],
			"to": [13.45, 9.85, 5.3],
			"faces": {
				"north": {"uv": [0, 0, 11, 2], "texture": "#2"},
				"east": {"uv": [0, 0, 0.2, 2], "texture": "#2"},
				"south": {"uv": [0, 0, 11, 2], "texture": "#2"},
				"west": {"uv": [0, 0, 0.2, 2], "texture": "#2"},
				"up": {"uv": [0, 0, 11, 0.2], "texture": "#2"},
				"down": {"uv": [0, 0, 11, 0.2], "texture": "#2"}
			}
		},
		{
			"name": "HeatsinkPart",
			"from": [2.45, 7.85, 7.1],
			"to": [13.45, 9.85, 7.3],
			"faces": {
				"north": {"uv": [0, 0, 11, 2], "texture": "#2"},
				"east": {"uv": [0, 0, 0.2, 2], "texture": "#2"},
				"south": {"uv": [0, 0, 11, 2], "texture": "#2"},
				"west": {"uv": [0, 0, 0.2, 2], "texture": "#2"},
				"up": {"uv": [0, 0, 11, 0.2], "texture": "#2"},
				"down": {"uv": [0, 0, 11, 0.2], "texture": "#2"}
			}
		},
		{
			"name": "HeatsinkPart",
			"from": [2.45, 7.85, 9.1],
			"to": [13.45, 9.85, 9.3],
			"faces": {
				"north": {"uv": [0, 0, 11, 2], "texture": "#2"},
				"east": {"uv": [0, 0, 0.2, 2], "texture": "#2"},
				"south": {"uv": [0, 0, 11, 2], "texture": "#2"},
				"west": {"uv": [0, 0, 0.2, 2], "texture": "#2"},
				"up": {"uv": [0, 0, 11, 0.2], "texture": "#2"},
				"down": {"uv": [0, 0, 11, 0.2], "texture": "#2"}
			}
		},
		{
			"name": "HeatsinkPart",
			"from": [2.45, 7.85, 11.1],
			"to": [13.45, 9.85, 11.3],
			"faces": {
				"north": {"uv": [0, 0, 11, 2], "texture": "#2"},
				"east": {"uv": [0, 0, 0.2, 2], "texture": "#2"},
				"south": {"uv": [0, 0, 11, 2], "texture": "#2"},
				"west": {"uv": [0, 0, 0.2, 2], "texture": "#2"},
				"up": {"uv": [0, 0, 11, 0.2], "texture": "#2"},
				"down": {"uv": [0, 0, 11, 0.2], "texture": "#2"}
			}
		},
		{
			"name": "HeatsinkPart",
			"from": [2.45, 7.85, 4.1],
			"to": [13.45, 9.85, 4.3],
			"faces": {
				"north": {"uv": [0, 0, 11, 2], "texture": "#2"},
				"east": {"uv": [0, 0, 0.2, 2], "texture": "#2"},
				"south": {"uv": [0, 0, 11, 2], "texture": "#2"},
				"west": {"uv": [0, 0, 0.2, 2], "texture": "#2"},
				"up": {"uv": [0, 0, 11, 0.2], "texture": "#2"},
				"down": {"uv": [0, 0, 11, 0.2], "texture": "#2"}
			}
		},
		{
			"name": "HeatsinkPart",
			"from": [2.45, 7.85, 6.1],
			"to": [13.45, 9.85, 6.3],
			"faces": {
				"north": {"uv": [0, 0, 11, 2], "texture": "#2"},
				"east": {"uv": [0, 0, 0.2, 2], "texture": "#2"},
				"south": {"uv": [0, 0, 11, 2], "texture": "#2"},
				"west": {"uv": [0, 0, 0.2, 2], "texture": "#2"},
				"up": {"uv": [0, 0, 11, 0.2], "texture": "#2"},
				"down": {"uv": [0, 0, 11, 0.2], "texture": "#2"}
			}
		},
		{
			"name": "HeatsinkPart",
			"from": [2.45, 7.85, 8.1],
			"to": [13.45, 9.85, 8.3],
			"faces": {
				"north": {"uv": [0, 0, 11, 2], "texture": "#2"},
				"east": {"uv": [0, 0, 0.2, 2], "texture": "#2"},
				"south": {"uv": [0, 0, 11, 2], "texture": "#2"},
				"west": {"uv": [0, 0, 0.2, 2], "texture": "#2"},
				"up": {"uv": [0, 0, 11, 0.2], "texture": "#2"},
				"down": {"uv": [0, 0, 11, 0.2], "texture": "#2"}
			}
		},
		{
			"name": "HeatsinkPart",
			"from": [2.45, 7.85, 10.1],
			"to": [13.45, 9.85, 10.3],
			"faces": {
				"north": {"uv": [0, 0, 11, 2], "texture": "#2"},
				"east": {"uv": [0, 0, 0.2, 2], "texture": "#2"},
				"south": {"uv": [0, 0, 11, 2], "texture": "#2"},
				"west": {"uv": [0, 0, 0.2, 2], "texture": "#2"},
				"up": {"uv": [0, 0, 11, 0.2], "texture": "#2"},
				"down": {"uv": [0, 0, 11, 0.2], "texture": "#2"}
			}
		},
		{
			"name": "HeatsinkPart",
			"from": [2.45, 7.85, 3.6],
			"to": [13.45, 9.85, 3.8],
			"faces": {
				"north": {"uv": [0, 0, 11, 2], "texture": "#2"},
				"east": {"uv": [0, 0, 0.2, 2], "texture": "#2"},
				"south": {"uv": [0, 0, 11, 2], "texture": "#2"},
				"west": {"uv": [0, 0, 0.2, 2], "texture": "#2"},
				"up": {"uv": [0, 0, 11, 0.2], "texture": "#2"},
				"down": {"uv": [0, 0, 11, 0.2], "texture": "#2"}
			}
		},
		{
			"name": "HeatsinkPart",
			"from": [2.45, 7.85, 5.6],
			"to": [13.45, 9.85, 5.8],
			"faces": {
				"north": {"uv": [0, 0, 11, 2], "texture": "#2"},
				"east": {"uv": [0, 0, 0.2, 2], "texture": "#2"},
				"south": {"uv": [0, 0, 11, 2], "texture": "#2"},
				"west": {"uv": [0, 0, 0.2, 2], "texture": "#2"},
				"up": {"uv": [0, 0, 11, 0.2], "texture": "#2"},
				"down": {"uv": [0, 0, 11, 0.2], "texture": "#2"}
			}
		},
		{
			"name": "HeatsinkPart",
			"from": [2.45, 7.85, 7.6],
			"to": [13.45, 9.85, 7.8],
			"faces": {
				"north": {"uv": [0, 0, 11, 2], "texture": "#2"},
				"east": {"uv": [0, 0, 0.2, 2], "texture": "#2"},
				"south": {"uv": [0, 0, 11, 2], "texture": "#2"},
				"west": {"uv": [0, 0, 0.2, 2], "texture": "#2"},
				"up": {"uv": [0, 0, 11, 0.2], "texture": "#2"},
				"down": {"uv": [0, 0, 11, 0.2], "texture": "#2"}
			}
		},
		{
			"name": "HeatsinkPart",
			"from": [2.45, 7.85, 9.6],
			"to": [13.45, 9.85, 9.8],
			"faces": {
				"north": {"uv": [0, 0, 11, 2], "texture": "#2"},
				"east": {"uv": [0, 0, 0.2, 2], "texture": "#2"},
				"south": {"uv": [0, 0, 11, 2], "texture": "#2"},
				"west": {"uv": [0, 0, 0.2, 2], "texture": "#2"},
				"up": {"uv": [0, 0, 11, 0.2], "texture": "#2"},
				"down": {"uv": [0, 0, 11, 0.2], "texture": "#2"}
			}
		},
		{
			"name": "HeatsinkPart",
			"from": [2.45, 7.85, 11.6],
			"to": [13.45, 9.85, 11.8],
			"faces": {
				"north": {"uv": [0, 0, 11, 2], "texture": "#2"},
				"east": {"uv": [0, 0, 0.2, 2], "texture": "#2"},
				"south": {"uv": [0, 0, 11, 2], "texture": "#2"},
				"west": {"uv": [0, 0, 0.2, 2], "texture": "#2"},
				"up": {"uv": [0, 0, 11, 0.2], "texture": "#2"},
				"down": {"uv": [0, 0, 11, 0.2], "texture": "#2"}
			}
		},
		{
			"name": "HeatsinkPart",
			"from": [2.45, 7.85, 4.6],
			"to": [13.45, 9.85, 4.8],
			"faces": {
				"north": {"uv": [0, 0, 11, 2], "texture": "#2"},
				"east": {"uv": [0, 0, 0.2, 2], "texture": "#2"},
				"south": {"uv": [0, 0, 11, 2], "texture": "#2"},
				"west": {"uv": [0, 0, 0.2, 2], "texture": "#2"},
				"up": {"uv": [0, 0, 11, 0.2], "texture": "#2"},
				"down": {"uv": [0, 0, 11, 0.2], "texture": "#2"}
			}
		},
		{
			"name": "HeatsinkPart",
			"from": [2.45, 7.85, 6.6],
			"to": [13.45, 9.85, 6.8],
			"faces": {
				"north": {"uv": [0, 0, 11, 2], "texture": "#2"},
				"east": {"uv": [0, 0, 0.2, 2], "texture": "#2"},
				"south": {"uv": [0, 0, 11, 2], "texture": "#2"},
				"west": {"uv": [0, 0, 0.2, 2], "texture": "#2"},
				"up": {"uv": [0, 0, 11, 0.2], "texture": "#2"},
				"down": {"uv": [0, 0, 11, 0.2], "texture": "#2"}
			}
		},
		{
			"name": "HeatsinkPart",
			"from": [2.45, 7.85, 8.6],
			"to": [13.45, 9.85, 8.8],
			"faces": {
				"north": {"uv": [0, 0, 11, 2], "texture": "#2"},
				"east": {"uv": [0, 0, 0.2, 2], "texture": "#2"},
				"south": {"uv": [0, 0, 11, 2], "texture": "#2"},
				"west": {"uv": [0, 0, 0.2, 2], "texture": "#2"},
				"up": {"uv": [0, 0, 11, 0.2], "texture": "#2"},
				"down": {"uv": [0, 0, 11, 0.2], "texture": "#2"}
			}
		},
		{
			"name": "HeatsinkPart",
			"from": [2.45, 7.85, 10.6],
			"to": [13.45, 9.85, 10.8],
			"faces": {
				"north": {"uv": [0, 0, 11, 2], "texture": "#2"},
				"east": {"uv": [0, 0, 0.2, 2], "texture": "#2"},
				"south": {"uv": [0, 0, 11, 2], "texture": "#2"},
				"west": {"uv": [0, 0, 0.2, 2], "texture": "#2"},
				"up": {"uv": [0, 0, 11, 0.2], "texture": "#2"},
				"down": {"uv": [0, 0, 11, 0.2], "texture": "#2"}
			}
		},
		{
			"name": "HeatsinkPart",
			"from": [2.45, 5.65, 3.1],
			"to": [13.45, 7.65, 3.3],
			"faces": {
				"north": {"uv": [0, 0, 16, 16], "texture": "#2"},
				"east": {"uv": [0, 0, 16, 16], "texture": "#2"},
				"south": {"uv": [0, 0, 16, 16], "texture": "#2"},
				"west": {"uv": [0, 0, 16, 16], "texture": "#2"},
				"up": {"uv": [0, 0, 16, 16], "texture": "#2"},
				"down": {"uv": [0, 0, 16, 16], "texture": "#2"}
			}
		},
		{
			"name": "HeatsinkPart",
			"from": [2.45, 5.65, 5.1],
			"to": [13.45, 7.65, 5.3],
			"faces": {
				"north": {"uv": [0, 0, 11, 2], "texture": "#2"},
				"east": {"uv": [0, 0, 0.2, 2], "texture": "#2"},
				"south": {"uv": [0, 0, 11, 2], "texture": "#2"},
				"west": {"uv": [0, 0, 0.2, 2], "texture": "#2"},
				"up": {"uv": [0, 0, 11, 0.2], "texture": "#2"},
				"down": {"uv": [0, 0, 11, 0.2], "texture": "#2"}
			}
		},
		{
			"name": "HeatsinkPart",
			"from": [2.45, 5.65, 7.1],
			"to": [13.45, 7.65, 7.3],
			"faces": {
				"north": {"uv": [0, 0, 11, 2], "texture": "#2"},
				"east": {"uv": [0, 0, 0.2, 2], "texture": "#2"},
				"south": {"uv": [0, 0, 11, 2], "texture": "#2"},
				"west": {"uv": [0, 0, 0.2, 2], "texture": "#2"},
				"up": {"uv": [0, 0, 11, 0.2], "texture": "#2"},
				"down": {"uv": [0, 0, 11, 0.2], "texture": "#2"}
			}
		},
		{
			"name": "HeatsinkPart",
			"from": [2.45, 5.65, 9.1],
			"to": [13.45, 7.65, 9.3],
			"faces": {
				"north": {"uv": [0, 0, 11, 2], "texture": "#2"},
				"east": {"uv": [0, 0, 0.2, 2], "texture": "#2"},
				"south": {"uv": [0, 0, 11, 2], "texture": "#2"},
				"west": {"uv": [0, 0, 0.2, 2], "texture": "#2"},
				"up": {"uv": [0, 0, 11, 0.2], "texture": "#2"},
				"down": {"uv": [0, 0, 11, 0.2], "texture": "#2"}
			}
		},
		{
			"name": "HeatsinkPart",
			"from": [2.45, 5.65, 11.1],
			"to": [13.45, 7.65, 11.3],
			"faces": {
				"north": {"uv": [0, 0, 11, 2], "texture": "#2"},
				"east": {"uv": [0, 0, 0.2, 2], "texture": "#2"},
				"south": {"uv": [0, 0, 11, 2], "texture": "#2"},
				"west": {"uv": [0, 0, 0.2, 2], "texture": "#2"},
				"up": {"uv": [0, 0, 11, 0.2], "texture": "#2"},
				"down": {"uv": [0, 0, 11, 0.2], "texture": "#2"}
			}
		},
		{
			"name": "HeatsinkPart",
			"from": [2.45, 5.65, 4.1],
			"to": [13.45, 7.65, 4.3],
			"faces": {
				"north": {"uv": [0, 0, 11, 2], "texture": "#2"},
				"east": {"uv": [0, 0, 0.2, 2], "texture": "#2"},
				"south": {"uv": [0, 0, 11, 2], "texture": "#2"},
				"west": {"uv": [0, 0, 0.2, 2], "texture": "#2"},
				"up": {"uv": [0, 0, 11, 0.2], "texture": "#2"},
				"down": {"uv": [0, 0, 11, 0.2], "texture": "#2"}
			}
		},
		{
			"name": "HeatsinkPart",
			"from": [2.45, 5.65, 6.1],
			"to": [13.45, 7.65, 6.3],
			"faces": {
				"north": {"uv": [0, 0, 11, 2], "texture": "#2"},
				"east": {"uv": [0, 0, 0.2, 2], "texture": "#2"},
				"south": {"uv": [0, 0, 11, 2], "texture": "#2"},
				"west": {"uv": [0, 0, 0.2, 2], "texture": "#2"},
				"up": {"uv": [0, 0, 11, 0.2], "texture": "#2"},
				"down": {"uv": [0, 0, 11, 0.2], "texture": "#2"}
			}
		},
		{
			"name": "HeatsinkPart",
			"from": [2.45, 5.65, 8.1],
			"to": [13.45, 7.65, 8.3],
			"faces": {
				"north": {"uv": [0, 0, 11, 2], "texture": "#2"},
				"east": {"uv": [0, 0, 0.2, 2], "texture": "#2"},
				"south": {"uv": [0, 0, 11, 2], "texture": "#2"},
				"west": {"uv": [0, 0, 0.2, 2], "texture": "#2"},
				"up": {"uv": [0, 0, 11, 0.2], "texture": "#2"},
				"down": {"uv": [0, 0, 11, 0.2], "texture": "#2"}
			}
		},
		{
			"name": "HeatsinkPart",
			"from": [2.45, 5.65, 10.1],
			"to": [13.45, 7.65, 10.3],
			"faces": {
				"north": {"uv": [0, 0, 11, 2], "texture": "#2"},
				"east": {"uv": [0, 0, 0.2, 2], "texture": "#2"},
				"south": {"uv": [0, 0, 11, 2], "texture": "#2"},
				"west": {"uv": [0, 0, 0.2, 2], "texture": "#2"},
				"up": {"uv": [0, 0, 11, 0.2], "texture": "#2"},
				"down": {"uv": [0, 0, 11, 0.2], "texture": "#2"}
			}
		},
		{
			"name": "HeatsinkPart",
			"from": [2.45, 5.65, 3.6],
			"to": [13.45, 7.65, 3.8],
			"faces": {
				"north": {"uv": [0, 0, 11, 2], "texture": "#2"},
				"east": {"uv": [0, 0, 0.2, 2], "texture": "#2"},
				"south": {"uv": [0, 0, 11, 2], "texture": "#2"},
				"west": {"uv": [0, 0, 0.2, 2], "texture": "#2"},
				"up": {"uv": [0, 0, 11, 0.2], "texture": "#2"},
				"down": {"uv": [0, 0, 11, 0.2], "texture": "#2"}
			}
		},
		{
			"name": "HeatsinkPart",
			"from": [2.45, 5.65, 5.6],
			"to": [13.45, 7.65, 5.8],
			"faces": {
				"north": {"uv": [0, 0, 11, 2], "texture": "#2"},
				"east": {"uv": [0, 0, 0.2, 2], "texture": "#2"},
				"south": {"uv": [0, 0, 11, 2], "texture": "#2"},
				"west": {"uv": [0, 0, 0.2, 2], "texture": "#2"},
				"up": {"uv": [0, 0, 11, 0.2], "texture": "#2"},
				"down": {"uv": [0, 0, 11, 0.2], "texture": "#2"}
			}
		},
		{
			"name": "HeatsinkPart",
			"from": [2.45, 5.65, 7.6],
			"to": [13.45, 7.65, 7.8],
			"faces": {
				"north": {"uv": [0, 0, 11, 2], "texture": "#2"},
				"east": {"uv": [0, 0, 0.2, 2], "texture": "#2"},
				"south": {"uv": [0, 0, 11, 2], "texture": "#2"},
				"west": {"uv": [0, 0, 0.2, 2], "texture": "#2"},
				"up": {"uv": [0, 0, 11, 0.2], "texture": "#2"},
				"down": {"uv": [0, 0, 11, 0.2], "texture": "#2"}
			}
		},
		{
			"name": "HeatsinkPart",
			"from": [2.45, 5.65, 9.6],
			"to": [13.45, 7.65, 9.8],
			"faces": {
				"north": {"uv": [0, 0, 11, 2], "texture": "#2"},
				"east": {"uv": [0, 0, 0.2, 2], "texture": "#2"},
				"south": {"uv": [0, 0, 11, 2], "texture": "#2"},
				"west": {"uv": [0, 0, 0.2, 2], "texture": "#2"},
				"up": {"uv": [0, 0, 11, 0.2], "texture": "#2"},
				"down": {"uv": [0, 0, 11, 0.2], "texture": "#2"}
			}
		},
		{
			"name": "HeatsinkPart",
			"from": [2.45, 5.65, 11.6],
			"to": [13.45, 7.65, 11.8],
			"faces": {
				"north": {"uv": [0, 0, 11, 2], "texture": "#2"},
				"east": {"uv": [0, 0, 0.2, 2], "texture": "#2"},
				"south": {"uv": [0, 0, 11, 2], "texture": "#2"},
				"west": {"uv": [0, 0, 0.2, 2], "texture": "#2"},
				"up": {"uv": [0, 0, 11, 0.2], "texture": "#2"},
				"down": {"uv": [0, 0, 11, 0.2], "texture": "#2"}
			}
		},
		{
			"name": "HeatsinkPart",
			"from": [2.45, 5.65, 4.6],
			"to": [13.45, 7.65, 4.8],
			"faces": {
				"north": {"uv": [0, 0, 11, 2], "texture": "#2"},
				"east": {"uv": [0, 0, 0.2, 2], "texture": "#2"},
				"south": {"uv": [0, 0, 11, 2], "texture": "#2"},
				"west": {"uv": [0, 0, 0.2, 2], "texture": "#2"},
				"up": {"uv": [0, 0, 11, 0.2], "texture": "#2"},
				"down": {"uv": [0, 0, 11, 0.2], "texture": "#2"}
			}
		},
		{
			"name": "HeatsinkPart",
			"from": [2.45, 5.65, 6.6],
			"to": [13.45, 7.65, 6.8],
			"faces": {
				"north": {"uv": [0, 0, 11, 2], "texture": "#2"},
				"east": {"uv": [0, 0, 0.2, 2], "texture": "#2"},
				"south": {"uv": [0, 0, 11, 2], "texture": "#2"},
				"west": {"uv": [0, 0, 0.2, 2], "texture": "#2"},
				"up": {"uv": [0, 0, 11, 0.2], "texture": "#2"},
				"down": {"uv": [0, 0, 11, 0.2], "texture": "#2"}
			}
		},
		{
			"name": "HeatsinkPart",
			"from": [2.45, 5.65, 8.6],
			"to": [13.45, 7.65, 8.8],
			"faces": {
				"north": {"uv": [0, 0, 11, 2], "texture": "#2"},
				"east": {"uv": [0, 0, 0.2, 2], "texture": "#2"},
				"south": {"uv": [0, 0, 11, 2], "texture": "#2"},
				"west": {"uv": [0, 0, 0.2, 2], "texture": "#2"},
				"up": {"uv": [0, 0, 11, 0.2], "texture": "#2"},
				"down": {"uv": [0, 0, 11, 0.2], "texture": "#2"}
			}
		},
		{
			"name": "HeatsinkPart",
			"from": [2.45, 5.65, 10.6],
			"to": [13.45, 7.65, 10.8],
			"faces": {
				"north": {"uv": [0, 0, 11, 2], "texture": "#2"},
				"east": {"uv": [0, 0, 0.2, 2], "texture": "#2"},
				"south": {"uv": [0, 0, 11, 2], "texture": "#2"},
				"west": {"uv": [0, 0, 0.2, 2], "texture": "#2"},
				"up": {"uv": [0, 0, 11, 0.2], "texture": "#2"},
				"down": {"uv": [0, 0, 11, 0.2], "texture": "#2"}
			}
		},
		{
			"name": "Top",
			"from": [2.45, 7.65, 2.95],
			"to": [13.45, 7.85, 11.95],
			"faces": {
				"north": {"uv": [4, 4, 8, 5.2], "texture": "#0"},
				"east": {"uv": [4, 4, 8, 5.2], "texture": "#0"},
				"south": {"uv": [4, 4, 8, 5.2], "texture": "#0"},
				"west": {"uv": [4, 4, 8, 5.2], "texture": "#0"},
				"up": {"uv": [4, 4, 8, 5.2], "texture": "#0"},
				"down": {"uv": [4, 4, 8, 5.2], "texture": "#0"}
			}
		},
		{
			"name": "HeatsinkPart",
			"from": [2.45, 3.45, 3.1],
			"to": [13.45, 5.45, 3.3],
			"faces": {
				"north": {"uv": [0, 0, 16, 16], "texture": "#2"},
				"east": {"uv": [0, 0, 16, 16], "texture": "#2"},
				"south": {"uv": [0, 0, 16, 16], "texture": "#2"},
				"west": {"uv": [0, 0, 16, 16], "texture": "#2"},
				"up": {"uv": [0, 0, 16, 16], "texture": "#2"},
				"down": {"uv": [0, 0, 16, 16], "texture": "#2"}
			}
		},
		{
			"name": "HeatsinkPart",
			"from": [2.45, 3.45, 5.1],
			"to": [13.45, 5.45, 5.3],
			"faces": {
				"north": {"uv": [0, 0, 11, 2], "texture": "#2"},
				"east": {"uv": [0, 0, 0.2, 2], "texture": "#2"},
				"south": {"uv": [0, 0, 11, 2], "texture": "#2"},
				"west": {"uv": [0, 0, 0.2, 2], "texture": "#2"},
				"up": {"uv": [0, 0, 11, 0.2], "texture": "#2"},
				"down": {"uv": [0, 0, 11, 0.2], "texture": "#2"}
			}
		},
		{
			"name": "HeatsinkPart",
			"from": [2.45, 3.45, 7.1],
			"to": [13.45, 5.45, 7.3],
			"faces": {
				"north": {"uv": [0, 0, 11, 2], "texture": "#2"},
				"east": {"uv": [0, 0, 0.2, 2], "texture": "#2"},
				"south": {"uv": [0, 0, 11, 2], "texture": "#2"},
				"west": {"uv": [0, 0, 0.2, 2], "texture": "#2"},
				"up": {"uv": [0, 0, 11, 0.2], "texture": "#2"},
				"down": {"uv": [0, 0, 11, 0.2], "texture": "#2"}
			}
		},
		{
			"name": "HeatsinkPart",
			"from": [2.45, 3.45, 9.1],
			"to": [13.45, 5.45, 9.3],
			"faces": {
				"north": {"uv": [0, 0, 11, 2], "texture": "#2"},
				"east": {"uv": [0, 0, 0.2, 2], "texture": "#2"},
				"south": {"uv": [0, 0, 11, 2], "texture": "#2"},
				"west": {"uv": [0, 0, 0.2, 2], "texture": "#2"},
				"up": {"uv": [0, 0, 11, 0.2], "texture": "#2"},
				"down": {"uv": [0, 0, 11, 0.2], "texture": "#2"}
			}
		},
		{
			"name": "HeatsinkPart",
			"from": [2.45, 3.45, 11.1],
			"to": [13.45, 5.45, 11.3],
			"faces": {
				"north": {"uv": [0, 0, 11, 2], "texture": "#2"},
				"east": {"uv": [0, 0, 0.2, 2], "texture": "#2"},
				"south": {"uv": [0, 0, 11, 2], "texture": "#2"},
				"west": {"uv": [0, 0, 0.2, 2], "texture": "#2"},
				"up": {"uv": [0, 0, 11, 0.2], "texture": "#2"},
				"down": {"uv": [0, 0, 11, 0.2], "texture": "#2"}
			}
		},
		{
			"name": "HeatsinkPart",
			"from": [2.45, 3.45, 4.1],
			"to": [13.45, 5.45, 4.3],
			"faces": {
				"north": {"uv": [0, 0, 11, 2], "texture": "#2"},
				"east": {"uv": [0, 0, 0.2, 2], "texture": "#2"},
				"south": {"uv": [0, 0, 11, 2], "texture": "#2"},
				"west": {"uv": [0, 0, 0.2, 2], "texture": "#2"},
				"up": {"uv": [0, 0, 11, 0.2], "texture": "#2"},
				"down": {"uv": [0, 0, 11, 0.2], "texture": "#2"}
			}
		},
		{
			"name": "HeatsinkPart",
			"from": [2.45, 3.45, 6.1],
			"to": [13.45, 5.45, 6.3],
			"faces": {
				"north": {"uv": [0, 0, 11, 2], "texture": "#2"},
				"east": {"uv": [0, 0, 0.2, 2], "texture": "#2"},
				"south": {"uv": [0, 0, 11, 2], "texture": "#2"},
				"west": {"uv": [0, 0, 0.2, 2], "texture": "#2"},
				"up": {"uv": [0, 0, 11, 0.2], "texture": "#2"},
				"down": {"uv": [0, 0, 11, 0.2], "texture": "#2"}
			}
		},
		{
			"name": "HeatsinkPart",
			"from": [2.45, 3.45, 8.1],
			"to": [13.45, 5.45, 8.3],
			"faces": {
				"north": {"uv": [0, 0, 11, 2], "texture": "#2"},
				"east": {"uv": [0, 0, 0.2, 2], "texture": "#2"},
				"south": {"uv": [0, 0, 11, 2], "texture": "#2"},
				"west": {"uv": [0, 0, 0.2, 2], "texture": "#2"},
				"up": {"uv": [0, 0, 11, 0.2], "texture": "#2"},
				"down": {"uv": [0, 0, 11, 0.2], "texture": "#2"}
			}
		},
		{
			"name": "HeatsinkPart",
			"from": [2.45, 3.45, 10.1],
			"to": [13.45, 5.45, 10.3],
			"faces": {
				"north": {"uv": [0, 0, 11, 2], "texture": "#2"},
				"east": {"uv": [0, 0, 0.2, 2], "texture": "#2"},
				"south": {"uv": [0, 0, 11, 2], "texture": "#2"},
				"west": {"uv": [0, 0, 0.2, 2], "texture": "#2"},
				"up": {"uv": [0, 0, 11, 0.2], "texture": "#2"},
				"down": {"uv": [0, 0, 11, 0.2], "texture": "#2"}
			}
		},
		{
			"name": "HeatsinkPart",
			"from": [2.45, 3.45, 3.6],
			"to": [13.45, 5.45, 3.8],
			"faces": {
				"north": {"uv": [0, 0, 11, 2], "texture": "#2"},
				"east": {"uv": [0, 0, 0.2, 2], "texture": "#2"},
				"south": {"uv": [0, 0, 11, 2], "texture": "#2"},
				"west": {"uv": [0, 0, 0.2, 2], "texture": "#2"},
				"up": {"uv": [0, 0, 11, 0.2], "texture": "#2"},
				"down": {"uv": [0, 0, 11, 0.2], "texture": "#2"}
			}
		},
		{
			"name": "HeatsinkPart",
			"from": [2.45, 3.45, 5.6],
			"to": [13.45, 5.45, 5.8],
			"faces": {
				"north": {"uv": [0, 0, 11, 2], "texture": "#2"},
				"east": {"uv": [0, 0, 0.2, 2], "texture": "#2"},
				"south": {"uv": [0, 0, 11, 2], "texture": "#2"},
				"west": {"uv": [0, 0, 0.2, 2], "texture": "#2"},
				"up": {"uv": [0, 0, 11, 0.2], "texture": "#2"},
				"down": {"uv": [0, 0, 11, 0.2], "texture": "#2"}
			}
		},
		{
			"name": "HeatsinkPart",
			"from": [2.45, 3.45, 7.6],
			"to": [13.45, 5.45, 7.8],
			"faces": {
				"north": {"uv": [0, 0, 11, 2], "texture": "#2"},
				"east": {"uv": [0, 0, 0.2, 2], "texture": "#2"},
				"south": {"uv": [0, 0, 11, 2], "texture": "#2"},
				"west": {"uv": [0, 0, 0.2, 2], "texture": "#2"},
				"up": {"uv": [0, 0, 11, 0.2], "texture": "#2"},
				"down": {"uv": [0, 0, 11, 0.2], "texture": "#2"}
			}
		},
		{
			"name": "HeatsinkPart",
			"from": [2.45, 3.45, 9.6],
			"to": [13.45, 5.45, 9.8],
			"faces": {
				"north": {"uv": [0, 0, 11, 2], "texture": "#2"},
				"east": {"uv": [0, 0, 0.2, 2], "texture": "#2"},
				"south": {"uv": [0, 0, 11, 2], "texture": "#2"},
				"west": {"uv": [0, 0, 0.2, 2], "texture": "#2"},
				"up": {"uv": [0, 0, 11, 0.2], "texture": "#2"},
				"down": {"uv": [0, 0, 11, 0.2], "texture": "#2"}
			}
		},
		{
			"name": "HeatsinkPart",
			"from": [2.45, 3.45, 11.6],
			"to": [13.45, 5.45, 11.8],
			"faces": {
				"north": {"uv": [0, 0, 11, 2], "texture": "#2"},
				"east": {"uv": [0, 0, 0.2, 2], "texture": "#2"},
				"south": {"uv": [0, 0, 11, 2], "texture": "#2"},
				"west": {"uv": [0, 0, 0.2, 2], "texture": "#2"},
				"up": {"uv": [0, 0, 11, 0.2], "texture": "#2"},
				"down": {"uv": [0, 0, 11, 0.2], "texture": "#2"}
			}
		},
		{
			"name": "HeatsinkPart",
			"from": [2.45, 3.45, 4.6],
			"to": [13.45, 5.45, 4.8],
			"faces": {
				"north": {"uv": [0, 0, 11, 2], "texture": "#2"},
				"east": {"uv": [0, 0, 0.2, 2], "texture": "#2"},
				"south": {"uv": [0, 0, 11, 2], "texture": "#2"},
				"west": {"uv": [0, 0, 0.2, 2], "texture": "#2"},
				"up": {"uv": [0, 0, 11, 0.2], "texture": "#2"},
				"down": {"uv": [0, 0, 11, 0.2], "texture": "#2"}
			}
		},
		{
			"name": "HeatsinkPart",
			"from": [2.45, 3.45, 6.6],
			"to": [13.45, 5.45, 6.8],
			"faces": {
				"north": {"uv": [0, 0, 11, 2], "texture": "#2"},
				"east": {"uv": [0, 0, 0.2, 2], "texture": "#2"},
				"south": {"uv": [0, 0, 11, 2], "texture": "#2"},
				"west": {"uv": [0, 0, 0.2, 2], "texture": "#2"},
				"up": {"uv": [0, 0, 11, 0.2], "texture": "#2"},
				"down": {"uv": [0, 0, 11, 0.2], "texture": "#2"}
			}
		},
		{
			"name": "HeatsinkPart",
			"from": [2.45, 3.45, 8.6],
			"to": [13.45, 5.45, 8.8],
			"faces": {
				"north": {"uv": [0, 0, 11, 2], "texture": "#2"},
				"east": {"uv": [0, 0, 0.2, 2], "texture": "#2"},
				"south": {"uv": [0, 0, 11, 2], "texture": "#2"},
				"west": {"uv": [0, 0, 0.2, 2], "texture": "#2"},
				"up": {"uv": [0, 0, 11, 0.2], "texture": "#2"},
				"down": {"uv": [0, 0, 11, 0.2], "texture": "#2"}
			}
		},
		{
			"name": "HeatsinkPart",
			"from": [2.45, 3.45, 10.6],
			"to": [13.45, 5.45, 10.8],
			"faces": {
				"north": {"uv": [0, 0, 11, 2], "texture": "#2"},
				"east": {"uv": [0, 0, 0.2, 2], "texture": "#2"},
				"south": {"uv": [0, 0, 11, 2], "texture": "#2"},
				"west": {"uv": [0, 0, 0.2, 2], "texture": "#2"},
				"up": {"uv": [0, 0, 11, 0.2], "texture": "#2"},
				"down": {"uv": [0, 0, 11, 0.2], "texture": "#2"}
			}
		},
		{
			"name": "Top",
			"from": [2.45, 5.45, 2.95],
			"to": [13.45, 5.65, 11.95],
			"faces": {
				"north": {"uv": [4, 4, 8, 5.2], "texture": "#0"},
				"east": {"uv": [4, 4, 8, 5.2], "texture": "#0"},
				"south": {"uv": [4, 4, 8, 5.2], "texture": "#0"},
				"west": {"uv": [4, 4, 8, 5.2], "texture": "#0"},
				"up": {"uv": [4, 4, 8, 5.2], "texture": "#0"},
				"down": {"uv": [4, 4, 8, 5.2], "texture": "#0"}
			}
		},
		{
			"name": "HeatsinkPart",
			"from": [2.45, 1.25, 3.1],
			"to": [13.45, 3.25, 3.3],
			"faces": {
				"north": {"uv": [0, 0, 16, 16], "texture": "#2"},
				"east": {"uv": [0, 0, 16, 16], "texture": "#2"},
				"south": {"uv": [0, 0, 16, 16], "texture": "#2"},
				"west": {"uv": [0, 0, 16, 16], "texture": "#2"},
				"up": {"uv": [0, 0, 16, 16], "texture": "#2"},
				"down": {"uv": [0, 0, 16, 16], "texture": "#2"}
			}
		},
		{
			"name": "HeatsinkPart",
			"from": [2.45, 1.25, 5.1],
			"to": [13.45, 3.25, 5.3],
			"faces": {
				"north": {"uv": [0, 0, 11, 2], "texture": "#2"},
				"east": {"uv": [0, 0, 0.2, 2], "texture": "#2"},
				"south": {"uv": [0, 0, 11, 2], "texture": "#2"},
				"west": {"uv": [0, 0, 0.2, 2], "texture": "#2"},
				"up": {"uv": [0, 0, 11, 0.2], "texture": "#2"},
				"down": {"uv": [0, 0, 11, 0.2], "texture": "#2"}
			}
		},
		{
			"name": "HeatsinkPart",
			"from": [2.45, 1.25, 7.1],
			"to": [13.45, 3.25, 7.3],
			"faces": {
				"north": {"uv": [0, 0, 11, 2], "texture": "#2"},
				"east": {"uv": [0, 0, 0.2, 2], "texture": "#2"},
				"south": {"uv": [0, 0, 11, 2], "texture": "#2"},
				"west": {"uv": [0, 0, 0.2, 2], "texture": "#2"},
				"up": {"uv": [0, 0, 11, 0.2], "texture": "#2"},
				"down": {"uv": [0, 0, 11, 0.2], "texture": "#2"}
			}
		},
		{
			"name": "HeatsinkPart",
			"from": [2.45, 1.25, 9.1],
			"to": [13.45, 3.25, 9.3],
			"faces": {
				"north": {"uv": [0, 0, 11, 2], "texture": "#2"},
				"east": {"uv": [0, 0, 0.2, 2], "texture": "#2"},
				"south": {"uv": [0, 0, 11, 2], "texture": "#2"},
				"west": {"uv": [0, 0, 0.2, 2], "texture": "#2"},
				"up": {"uv": [0, 0, 11, 0.2], "texture": "#2"},
				"down": {"uv": [0, 0, 11, 0.2], "texture": "#2"}
			}
		},
		{
			"name": "HeatsinkPart",
			"from": [2.45, 1.25, 11.1],
			"to": [13.45, 3.25, 11.3],
			"faces": {
				"north": {"uv": [0, 0, 11, 2], "texture": "#2"},
				"east": {"uv": [0, 0, 0.2, 2], "texture": "#2"},
				"south": {"uv": [0, 0, 11, 2], "texture": "#2"},
				"west": {"uv": [0, 0, 0.2, 2], "texture": "#2"},
				"up": {"uv": [0, 0, 11, 0.2], "texture": "#2"},
				"down": {"uv": [0, 0, 11, 0.2], "texture": "#2"}
			}
		},
		{
			"name": "HeatsinkPart",
			"from": [2.45, 1.25, 4.1],
			"to": [13.45, 3.25, 4.3],
			"faces": {
				"north": {"uv": [0, 0, 11, 2], "texture": "#2"},
				"east": {"uv": [0, 0, 0.2, 2], "texture": "#2"},
				"south": {"uv": [0, 0, 11, 2], "texture": "#2"},
				"west": {"uv": [0, 0, 0.2, 2], "texture": "#2"},
				"up": {"uv": [0, 0, 11, 0.2], "texture": "#2"},
				"down": {"uv": [0, 0, 11, 0.2], "texture": "#2"}
			}
		},
		{
			"name": "HeatsinkPart",
			"from": [2.45, 1.25, 6.1],
			"to": [13.45, 3.25, 6.3],
			"faces": {
				"north": {"uv": [0, 0, 11, 2], "texture": "#2"},
				"east": {"uv": [0, 0, 0.2, 2], "texture": "#2"},
				"south": {"uv": [0, 0, 11, 2], "texture": "#2"},
				"west": {"uv": [0, 0, 0.2, 2], "texture": "#2"},
				"up": {"uv": [0, 0, 11, 0.2], "texture": "#2"},
				"down": {"uv": [0, 0, 11, 0.2], "texture": "#2"}
			}
		},
		{
			"name": "HeatsinkPart",
			"from": [2.45, 1.25, 8.1],
			"to": [13.45, 3.25, 8.3],
			"faces": {
				"north": {"uv": [0, 0, 11, 2], "texture": "#2"},
				"east": {"uv": [0, 0, 0.2, 2], "texture": "#2"},
				"south": {"uv": [0, 0, 11, 2], "texture": "#2"},
				"west": {"uv": [0, 0, 0.2, 2], "texture": "#2"},
				"up": {"uv": [0, 0, 11, 0.2], "texture": "#2"},
				"down": {"uv": [0, 0, 11, 0.2], "texture": "#2"}
			}
		},
		{
			"name": "HeatsinkPart",
			"from": [2.45, 1.25, 10.1],
			"to": [13.45, 3.25, 10.3],
			"faces": {
				"north": {"uv": [0, 0, 11, 2], "texture": "#2"},
				"east": {"uv": [0, 0, 0.2, 2], "texture": "#2"},
				"south": {"uv": [0, 0, 11, 2], "texture": "#2"},
				"west": {"uv": [0, 0, 0.2, 2], "texture": "#2"},
				"up": {"uv": [0, 0, 11, 0.2], "texture": "#2"},
				"down": {"uv": [0, 0, 11, 0.2], "texture": "#2"}
			}
		},
		{
			"name": "HeatsinkPart",
			"from": [2.45, 1.25, 3.6],
			"to": [13.45, 3.25, 3.8],
			"faces": {
				"north": {"uv": [0, 0, 11, 2], "texture": "#2"},
				"east": {"uv": [0, 0, 0.2, 2], "texture": "#2"},
				"south": {"uv": [0, 0, 11, 2], "texture": "#2"},
				"west": {"uv": [0, 0, 0.2, 2], "texture": "#2"},
				"up": {"uv": [0, 0, 11, 0.2], "texture": "#2"},
				"down": {"uv": [0, 0, 11, 0.2], "texture": "#2"}
			}
		},
		{
			"name": "HeatsinkPart",
			"from": [2.45, 1.25, 5.6],
			"to": [13.45, 3.25, 5.8],
			"faces": {
				"north": {"uv": [0, 0, 11, 2], "texture": "#2"},
				"east": {"uv": [0, 0, 0.2, 2], "texture": "#2"},
				"south": {"uv": [0, 0, 11, 2], "texture": "#2"},
				"west": {"uv": [0, 0, 0.2, 2], "texture": "#2"},
				"up": {"uv": [0, 0, 11, 0.2], "texture": "#2"},
				"down": {"uv": [0, 0, 11, 0.2], "texture": "#2"}
			}
		},
		{
			"name": "HeatsinkPart",
			"from": [2.45, 1.25, 7.6],
			"to": [13.45, 3.25, 7.8],
			"faces": {
				"north": {"uv": [0, 0, 11, 2], "texture": "#2"},
				"east": {"uv": [0, 0, 0.2, 2], "texture": "#2"},
				"south": {"uv": [0, 0, 11, 2], "texture": "#2"},
				"west": {"uv": [0, 0, 0.2, 2], "texture": "#2"},
				"up": {"uv": [0, 0, 11, 0.2], "texture": "#2"},
				"down": {"uv": [0, 0, 11, 0.2], "texture": "#2"}
			}
		},
		{
			"name": "HeatsinkPart",
			"from": [2.45, 1.25, 9.6],
			"to": [13.45, 3.25, 9.8],
			"faces": {
				"north": {"uv": [0, 0, 11, 2], "texture": "#2"},
				"east": {"uv": [0, 0, 0.2, 2], "texture": "#2"},
				"south": {"uv": [0, 0, 11, 2], "texture": "#2"},
				"west": {"uv": [0, 0, 0.2, 2], "texture": "#2"},
				"up": {"uv": [0, 0, 11, 0.2], "texture": "#2"},
				"down": {"uv": [0, 0, 11, 0.2], "texture": "#2"}
			}
		},
		{
			"name": "HeatsinkPart",
			"from": [2.45, 1.25, 11.6],
			"to": [13.45, 3.25, 11.8],
			"faces": {
				"north": {"uv": [0, 0, 11, 2], "texture": "#2"},
				"east": {"uv": [0, 0, 0.2, 2], "texture": "#2"},
				"south": {"uv": [0, 0, 11, 2], "texture": "#2"},
				"west": {"uv": [0, 0, 0.2, 2], "texture": "#2"},
				"up": {"uv": [0, 0, 11, 0.2], "texture": "#2"},
				"down": {"uv": [0, 0, 11, 0.2], "texture": "#2"}
			}
		},
		{
			"name": "HeatsinkPart",
			"from": [2.45, 1.25, 4.6],
			"to": [13.45, 3.25, 4.8],
			"faces": {
				"north": {"uv": [0, 0, 11, 2], "texture": "#2"},
				"east": {"uv": [0, 0, 0.2, 2], "texture": "#2"},
				"south": {"uv": [0, 0, 11, 2], "texture": "#2"},
				"west": {"uv": [0, 0, 0.2, 2], "texture": "#2"},
				"up": {"uv": [0, 0, 11, 0.2], "texture": "#2"},
				"down": {"uv": [0, 0, 11, 0.2], "texture": "#2"}
			}
		},
		{
			"name": "HeatsinkPart",
			"from": [2.45, 1.25, 6.6],
			"to": [13.45, 3.25, 6.8],
			"faces": {
				"north": {"uv": [0, 0, 11, 2], "texture": "#2"},
				"east": {"uv": [0, 0, 0.2, 2], "texture": "#2"},
				"south": {"uv": [0, 0, 11, 2], "texture": "#2"},
				"west": {"uv": [0, 0, 0.2, 2], "texture": "#2"},
				"up": {"uv": [0, 0, 11, 0.2], "texture": "#2"},
				"down": {"uv": [0, 0, 11, 0.2], "texture": "#2"}
			}
		},
		{
			"name": "HeatsinkPart",
			"from": [2.45, 1.25, 8.6],
			"to": [13.45, 3.25, 8.8],
			"faces": {
				"north": {"uv": [0, 0, 11, 2], "texture": "#2"},
				"east": {"uv": [0, 0, 0.2, 2], "texture": "#2"},
				"south": {"uv": [0, 0, 11, 2], "texture": "#2"},
				"west": {"uv": [0, 0, 0.2, 2], "texture": "#2"},
				"up": {"uv": [0, 0, 11, 0.2], "texture": "#2"},
				"down": {"uv": [0, 0, 11, 0.2], "texture": "#2"}
			}
		},
		{
			"name": "HeatsinkPart",
			"from": [2.45, 1.25, 10.6],
			"to": [13.45, 3.25, 10.8],
			"faces": {
				"north": {"uv": [0, 0, 11, 2], "texture": "#2"},
				"east": {"uv": [0, 0, 0.2, 2], "texture": "#2"},
				"south": {"uv": [0, 0, 11, 2], "texture": "#2"},
				"west": {"uv": [0, 0, 0.2, 2], "texture": "#2"},
				"up": {"uv": [0, 0, 11, 0.2], "texture": "#2"},
				"down": {"uv": [0, 0, 11, 0.2], "texture": "#2"}
			}
		},
		{
			"name": "Top",
			"from": [2.45, 3.25, 2.95],
			"to": [13.45, 3.45, 11.95],
			"faces": {
				"north": {"uv": [4, 4, 8, 5.2], "texture": "#0"},
				"east": {"uv": [4, 4, 8, 5.2], "texture": "#0"},
				"south": {"uv": [4, 4, 8, 5.2], "texture": "#0"},
				"west": {"uv": [4, 4, 8, 5.2], "texture": "#0"},
				"up": {"uv": [4, 4, 8, 5.2], "texture": "#0"},
				"down": {"uv": [4, 4, 8, 5.2], "texture": "#0"}
			}
		},
		{
			"from": [13.4, 7.55, 3.4],
			"to": [14.4, 7.95, 11.6],
			"faces": {
				"north": {"uv": [0, 0, 8.2, 0.4], "texture": "#0"},
				"east": {"uv": [0, 0, 8.2, 0.4], "texture": "#0"},
				"south": {"uv": [0, 0, 8.2, 0.4], "texture": "#0"},
				"west": {"uv": [0, 0, 8.2, 0.4], "texture": "#0"},
				"up": {"uv": [0, 0, 8.2, 0.4], "texture": "#0"},
				"down": {"uv": [0, 0, 8.2, 0.4], "texture": "#0"}
			}
		},
		{
			"from": [13.4, 5.35, 3.4],
			"to": [14.4, 5.75, 11.6],
			"faces": {
				"north": {"uv": [0, 0, 8.2, 0.4], "texture": "#0"},
				"east": {"uv": [0, 0, 8.2, 0.4], "texture": "#0"},
				"south": {"uv": [0, 0, 8.2, 0.4], "texture": "#0"},
				"west": {"uv": [0, 0, 8.2, 0.4], "texture": "#0"},
				"up": {"uv": [0, 0, 8.2, 0.4], "texture": "#0"},
				"down": {"uv": [0, 0, 8.2, 0.4], "texture": "#0"}
			}
		},
		{
			"from": [13.4, 3.15, 3.4],
			"to": [14.4, 3.55, 11.6],
			"faces": {
				"north": {"uv": [0, 0, 8.2, 0.4], "texture": "#0"},
				"east": {"uv": [0, 0, 8.2, 0.4], "texture": "#0"},
				"south": {"uv": [0, 0, 8.2, 0.4], "texture": "#0"},
				"west": {"uv": [0, 0, 8.2, 0.4], "texture": "#0"},
				"up": {"uv": [0, 0, 8.2, 0.4], "texture": "#0"},
				"down": {"uv": [0, 0, 8.2, 0.4], "texture": "#0"}
			}
		},
		{
			"from": [13.4, 1.25, 3],
			"to": [14.4, 1.65, 12],
			"faces": {
				"north": {"uv": [4, 4, 8, 4.9], "texture": "#0"},
				"east": {"uv": [4, 4, 8, 4.9], "texture": "#0"},
				"south": {"uv": [4, 4, 8, 4.9], "texture": "#0"},
				"west": {"uv": [4, 4, 8, 4.9], "texture": "#0"},
				"up": {"uv": [4, 4, 8, 4.9], "texture": "#0"},
				"down": {"uv": [4, 4, 8, 4.9], "texture": "#0"}
			}
		},
		{
			"from": [13.4, 1.65, 3],
			"to": [14.4, 9.5, 3.4],
			"faces": {
				"north": {"uv": [4, 4, 4.9, 8], "texture": "#0"},
				"east": {"uv": [4, 4, 4.9, 8], "texture": "#0"},
				"south": {"uv": [4, 4, 4.9, 8], "texture": "#0"},
				"west": {"uv": [4, 4, 4.9, 8], "texture": "#0"},
				"up": {"uv": [4, 4, 4.9, 8], "texture": "#0"},
				"down": {"uv": [4, 4, 4.9, 8], "texture": "#0"}
			}
		},
		{
			"from": [13.4, 9.5, 3],
			"to": [14.4, 9.9, 12],
			"faces": {
				"north": {"uv": [4, 4, 8, 4.9], "texture": "#0"},
				"east": {"uv": [4, 4, 8, 4.9], "texture": "#0"},
				"south": {"uv": [4, 4, 8, 4.9], "texture": "#0"},
				"west": {"uv": [4, 4, 8, 4.9], "texture": "#0"},
				"up": {"uv": [4, 4, 8, 4.9], "texture": "#0"},
				"down": {"uv": [4, 4, 8, 4.9], "texture": "#0"}
			}
		},
		{
			"from": [2.4, 9.8, 3],
			"to": [13.4, 9.9, 12],
			"faces": {
				"north": {"uv": [4, 4, 8, 4.9], "texture": "#0"},
				"east": {"uv": [4, 4, 8, 4.9], "texture": "#0"},
				"south": {"uv": [4, 4, 8, 4.9], "texture": "#0"},
				"west": {"uv": [4, 4, 8, 4.9], "texture": "#0"},
				"up": {"uv": [4, 4, 8, 4.9], "texture": "#0"},
				"down": {"uv": [4, 4, 8, 4.9], "texture": "#0"}
			}
		},
		{
			"from": [13.4, 1.65, 11.6],
			"to": [14.4, 9.5, 12],
			"faces": {
				"north": {"uv": [4, 4, 4.9, 8], "texture": "#0"},
				"east": {"uv": [4, 4, 4.9, 8], "texture": "#0"},
				"south": {"uv": [4, 4, 4.9, 8], "texture": "#0"},
				"west": {"uv": [4, 4, 4.9, 8], "texture": "#0"},
				"up": {"uv": [4, 4, 4.9, 8], "texture": "#0"},
				"down": {"uv": [4, 4, 4.9, 8], "texture": "#0"}
			}
		},
		{
			"from": [13.4, 7.95, 9.35],
			"to": [14.4, 9.5, 9.55],
			"faces": {
				"north": {"uv": [0, 0, 0.2, 1.55], "texture": "#0"},
				"east": {"uv": [0, 0, 0.2, 1.55], "texture": "#0"},
				"south": {"uv": [0, 0, 0.2, 1.55], "texture": "#0"},
				"west": {"uv": [0, 0, 0.2, 1.55], "texture": "#0"},
				"up": {"uv": [0, 0, 0.2, 1.55], "texture": "#0"},
				"down": {"uv": [0, 0, 0.2, 1.55], "texture": "#0"}
			}
		},
		{
			"from": [13.4, 1.65, 5.35],
			"to": [14.4, 3.15, 5.55],
			"faces": {
				"north": {"uv": [0, 0, 0.2, 1.5], "texture": "#0"},
				"east": {"uv": [0, 0, 0.2, 1.5], "texture": "#0"},
				"south": {"uv": [0, 0, 0.2, 1.5], "texture": "#0"},
				"west": {"uv": [0, 0, 0.2, 1.5], "texture": "#0"},
				"up": {"uv": [0, 0, 0.2, 1.5], "texture": "#0"},
				"down": {"uv": [0, 0, 0.2, 1.5], "texture": "#0"}
			}
		},
		{
			"from": [13.4, 7.95, 5.35],
			"to": [14.4, 9.5, 5.55],
			"faces": {
				"north": {"uv": [0, 0, 0.2, 1.55], "texture": "#0"},
				"east": {"uv": [0, 0, 0.2, 1.55], "texture": "#0"},
				"south": {"uv": [0, 0, 0.2, 1.55], "texture": "#0"},
				"west": {"uv": [0, 0, 0.2, 1.55], "texture": "#0"},
				"up": {"uv": [0, 0, 0.2, 1.55], "texture": "#0"},
				"down": {"uv": [0, 0, 0.2, 1.55], "texture": "#0"}
			}
		},
		{
			"from": [13.4, 1.65, 7.35],
			"to": [14.4, 3.15, 7.55],
			"faces": {
				"north": {"uv": [0, 0, 0.2, 1.5], "texture": "#0"},
				"east": {"uv": [0, 0, 0.2, 1.5], "texture": "#0"},
				"south": {"uv": [0, 0, 0.2, 1.5], "texture": "#0"},
				"west": {"uv": [0, 0, 0.2, 1.5], "texture": "#0"},
				"up": {"uv": [0, 0, 0.2, 1.5], "texture": "#0"},
				"down": {"uv": [0, 0, 0.2, 1.5], "texture": "#0"}
			}
		},
		{
			"from": [13.4, 7.95, 7.35],
			"to": [14.4, 9.5, 7.55],
			"faces": {
				"north": {"uv": [0, 0, 0.2, 1.55], "texture": "#0"},
				"east": {"uv": [0, 0, 0.2, 1.55], "texture": "#0"},
				"south": {"uv": [0, 0, 0.2, 1.55], "texture": "#0"},
				"west": {"uv": [0, 0, 0.2, 1.55], "texture": "#0"},
				"up": {"uv": [0, 0, 0.2, 1.55], "texture": "#0"},
				"down": {"uv": [0, 0, 0.2, 1.55], "texture": "#0"}
			}
		},
		{
			"from": [13.4, 1.65, 9.35],
			"to": [14.4, 3.15, 9.55],
			"faces": {
				"north": {"uv": [0, 0, 0.2, 1.5], "texture": "#0"},
				"east": {"uv": [0, 0, 0.2, 1.5], "texture": "#0"},
				"south": {"uv": [0, 0, 0.2, 1.5], "texture": "#0"},
				"west": {"uv": [0, 0, 0.2, 1.5], "texture": "#0"},
				"up": {"uv": [0, 0, 0.2, 1.5], "texture": "#0"},
				"down": {"uv": [0, 0, 0.2, 1.5], "texture": "#0"}
			}
		},
		{
			"from": [1.6, 1.25, 3],
			"to": [2.6, 1.65, 12],
			"faces": {
				"north": {"uv": [4, 4, 5, 8], "texture": "#0"},
				"east": {"uv": [4, 4, 5, 8], "texture": "#0"},
				"south": {"uv": [4, 4, 5, 8], "texture": "#0"},
				"west": {"uv": [4, 4, 5, 8], "texture": "#0"},
				"up": {"uv": [4, 4, 5, 8], "texture": "#0"},
				"down": {"uv": [4, 4, 5, 8], "texture": "#0"}
			}
		},
		{
			"from": [1.6, 5.35, 3.4],
			"to": [2.6, 5.75, 11.6],
			"faces": {
				"north": {"uv": [0, 0, 8.2, 0.4], "texture": "#0"},
				"east": {"uv": [0, 0, 8.2, 0.4], "texture": "#0"},
				"south": {"uv": [0, 0, 8.2, 0.4], "texture": "#0"},
				"west": {"uv": [0, 0, 8.2, 0.4], "texture": "#0"},
				"up": {"uv": [0, 0, 8.2, 0.4], "texture": "#0"},
				"down": {"uv": [0, 0, 8.2, 0.4], "texture": "#0"}
			}
		},
		{
			"from": [1.6, 7.55, 3.4],
			"to": [2.6, 7.95, 11.6],
			"faces": {
				"north": {"uv": [0, 0, 8.2, 0.4], "texture": "#0"},
				"east": {"uv": [0, 0, 8.2, 0.4], "texture": "#0"},
				"south": {"uv": [0, 0, 8.2, 0.4], "texture": "#0"},
				"west": {"uv": [0, 0, 8.2, 0.4], "texture": "#0"},
				"up": {"uv": [0, 0, 8.2, 0.4], "texture": "#0"},
				"down": {"uv": [0, 0, 8.2, 0.4], "texture": "#0"}
			}
		},
		{
			"from": [1.6, 3.15, 3.4],
			"to": [2.6, 3.55, 11.6],
			"faces": {
				"north": {"uv": [0, 0, 8.2, 0.4], "texture": "#0"},
				"east": {"uv": [0, 0, 8.2, 0.4], "texture": "#0"},
				"south": {"uv": [0, 0, 8.2, 0.4], "texture": "#0"},
				"west": {"uv": [0, 0, 8.2, 0.4], "texture": "#0"},
				"up": {"uv": [0, 0, 8.2, 0.4], "texture": "#0"},
				"down": {"uv": [0, 0, 8.2, 0.4], "texture": "#0"}
			}
		},
		{
			"from": [1.6, 3.55, 5.35],
			"to": [2.6, 5.35, 5.55],
			"faces": {
				"north": {"uv": [0, 0, 0.2, 1.8], "texture": "#0"},
				"east": {"uv": [0, 0, 0.2, 1.8], "texture": "#0"},
				"south": {"uv": [0, 0, 0.2, 1.8], "texture": "#0"},
				"west": {"uv": [0, 0, 0.2, 1.8], "texture": "#0"},
				"up": {"uv": [0, 0, 0.2, 1.8], "texture": "#0"},
				"down": {"uv": [0, 0, 0.2, 1.8], "texture": "#0"}
			}
		},
		{
			"from": [1.6, 5.75, 5.35],
			"to": [2.6, 7.55, 5.55],
			"faces": {
				"north": {"uv": [0, 0, 0.2, 1.8], "texture": "#0"},
				"east": {"uv": [0, 0, 0.2, 1.8], "texture": "#0"},
				"south": {"uv": [0, 0, 0.2, 1.8], "texture": "#0"},
				"west": {"uv": [0, 0, 0.2, 1.8], "texture": "#0"},
				"up": {"uv": [0, 0, 0.2, 1.8], "texture": "#0"},
				"down": {"uv": [0, 0, 0.2, 1.8], "texture": "#0"}
			}
		},
		{
			"from": [1.6, 3.55, 7.35],
			"to": [2.6, 5.35, 7.55],
			"faces": {
				"north": {"uv": [0, 0, 0.2, 1.8], "texture": "#0"},
				"east": {"uv": [0, 0, 0.2, 1.8], "texture": "#0"},
				"south": {"uv": [0, 0, 0.2, 1.8], "texture": "#0"},
				"west": {"uv": [0, 0, 0.2, 1.8], "texture": "#0"},
				"up": {"uv": [0, 0, 0.2, 1.8], "texture": "#0"},
				"down": {"uv": [0, 0, 0.2, 1.8], "texture": "#0"}
			}
		},
		{
			"from": [1.6, 5.75, 7.35],
			"to": [2.6, 7.55, 7.55],
			"faces": {
				"north": {"uv": [0, 0, 0.2, 1.8], "texture": "#0"},
				"east": {"uv": [0, 0, 0.2, 1.8], "texture": "#0"},
				"south": {"uv": [0, 0, 0.2, 1.8], "texture": "#0"},
				"west": {"uv": [0, 0, 0.2, 1.8], "texture": "#0"},
				"up": {"uv": [0, 0, 0.2, 1.8], "texture": "#0"},
				"down": {"uv": [0, 0, 0.2, 1.8], "texture": "#0"}
			}
		},
		{
			"from": [1.6, 3.55, 9.35],
			"to": [2.6, 5.35, 9.55],
			"faces": {
				"north": {"uv": [0, 0, 0.2, 1.8], "texture": "#0"},
				"east": {"uv": [0, 0, 0.2, 1.8], "texture": "#0"},
				"south": {"uv": [0, 0, 0.2, 1.8], "texture": "#0"},
				"west": {"uv": [0, 0, 0.2, 1.8], "texture": "#0"},
				"up": {"uv": [0, 0, 0.2, 1.8], "texture": "#0"},
				"down": {"uv": [0, 0, 0.2, 1.8], "texture": "#0"}
			}
		},
		{
			"from": [1.6, 5.75, 9.35],
			"to": [2.6, 7.55, 9.55],
			"faces": {
				"north": {"uv": [0, 0, 0.2, 1.8], "texture": "#0"},
				"east": {"uv": [0, 0, 0.2, 1.8], "texture": "#0"},
				"south": {"uv": [0, 0, 0.2, 1.8], "texture": "#0"},
				"west": {"uv": [0, 0, 0.2, 1.8], "texture": "#0"},
				"up": {"uv": [0, 0, 0.2, 1.8], "texture": "#0"},
				"down": {"uv": [0, 0, 0.2, 1.8], "texture": "#0"}
			}
		},
		{
			"from": [1.6, 1.65, 3],
			"to": [2.6, 9.5, 3.4],
			"faces": {
				"north": {"uv": [4, 4, 5, 8], "texture": "#0"},
				"east": {"uv": [4, 4, 5, 7.85], "texture": "#0"},
				"south": {"uv": [4, 4, 5, 7.85], "texture": "#0"},
				"west": {"uv": [4, 4, 5, 7.85], "texture": "#0"},
				"up": {"uv": [4, 4, 5, 7.85], "texture": "#0"},
				"down": {"uv": [4, 4, 5, 7.85], "texture": "#0"}
			}
		},
		{
			"from": [1.6, 1.65, 11.6],
			"to": [2.6, 9.5, 12],
			"faces": {
				"north": {"uv": [4, 4, 5, 8], "texture": "#0"},
				"east": {"uv": [4, 4, 5, 8], "texture": "#0"},
				"south": {"uv": [4, 4, 5, 8], "texture": "#0"},
				"west": {"uv": [4, 4, 5, 8], "texture": "#0"},
				"up": {"uv": [4, 4, 5, 8], "texture": "#0"},
				"down": {"uv": [4, 4, 5, 8], "texture": "#0"}
			}
		},
		{
			"from": [1.6, 9.5, 3],
			"to": [2.6, 9.9, 12],
			"faces": {
				"north": {"uv": [4, 4, 5, 8], "texture": "#0"},
				"east": {"uv": [4, 4, 5, 8], "texture": "#0"},
				"south": {"uv": [4, 4, 5, 8], "texture": "#0"},
				"west": {"uv": [4, 4, 5, 8], "texture": "#0"},
				"up": {"uv": [4, 4, 5, 8], "texture": "#0"},
				"down": {"uv": [4, 4, 5, 8], "texture": "#0"}
			}
		},
		{
			"from": [14, 7.7, 5.45],
			"to": [14.2, 9.7, 7.45],
			"faces": {
				"north": {"uv": [0, 0, 0.2, 2], "texture": "#missing"},
				"east": {"uv": [0, 0, 15.85, 16], "texture": "#3"},
				"south": {"uv": [0, 0, 0.2, 2], "texture": "#missing"},
				"west": {"uv": [0, 0, 16, 16], "texture": "#3"},
				"up": {"uv": [0, 0, 0.2, 2.1], "texture": "#missing"},
				"down": {"uv": [0, 0, 0.2, 2.1], "texture": "#missing"}
			}
		},
		{
			"from": [14, 1.6, 5.65],
			"to": [14.2, 3.2, 7.25],
			"faces": {
				"north": {"uv": [0, 0, 0.5, 0.5], "texture": "#3"},
				"east": {"uv": [0, 0, 16, 16], "texture": "#3"},
				"south": {"uv": [0, 0, 0.5, 0.5], "texture": "#3"},
				"west": {"uv": [0, 0, 16, 16], "texture": "#3"},
				"up": {"uv": [0, 0, 16, 16], "texture": "#3"},
				"down": {"uv": [0, 0, 16, 16], "texture": "#3"}
			}
		},
		{
			"from": [14, 7.7, 3.35],
			"to": [14.2, 9.7, 5.35],
			"faces": {
				"north": {"uv": [0, 0, 0.2, 2], "texture": "#missing"},
				"east": {"uv": [0, 0, 15.85, 16], "texture": "#3"},
				"south": {"uv": [0, 0, 0.2, 2], "texture": "#missing"},
				"west": {"uv": [0, 0, 16, 16], "texture": "#3"},
				"up": {"uv": [0, 0, 0.2, 2.1], "texture": "#missing"},
				"down": {"uv": [0, 0, 0.2, 2.1], "texture": "#missing"}
			}
		},
		{
			"from": [14, 1.6, 3.65],
			"to": [14.2, 3.2, 5.25],
			"faces": {
				"north": {"uv": [0, 0, 0.2, 2], "texture": "#3"},
				"east": {"uv": [0, 0, 15.85, 16], "texture": "#3"},
				"south": {"uv": [0, 0, 0.45, 0.5], "texture": "#3"},
				"west": {"uv": [0, 0, 16, 16], "texture": "#3"},
				"up": {"uv": [0, 0, 0.2, 2.1], "texture": "#missing"},
				"down": {"uv": [0, 0, 0.2, 2.1], "texture": "#missing"}
			}
		},
		{
			"from": [14, 7.7, 9.55],
			"to": [14.2, 9.7, 11.7],
			"faces": {
				"north": {"uv": [0, 0, 0.2, 2], "texture": "#missing"},
				"east": {"uv": [0, 0, 15.85, 16], "texture": "#3"},
				"south": {"uv": [0, 0, 0.2, 2], "texture": "#missing"},
				"west": {"uv": [0, 0, 16, 16], "texture": "#3"},
				"up": {"uv": [0, 0, 0.2, 2.1], "texture": "#missing"},
				"down": {"uv": [0, 0, 0.2, 2.1], "texture": "#missing"}
			}
		},
		{
			"from": [14, 1.6, 9.55],
			"to": [14.2, 3.2, 11.7],
			"faces": {
				"north": {"uv": [0, 0, 0.2, 2], "texture": "#missing"},
				"east": {"uv": [0, 0, 15.85, 16], "texture": "#3"},
				"south": {"uv": [0, 0, 0.2, 2], "texture": "#missing"},
				"west": {"uv": [0, 0, 16, 16], "texture": "#3"},
				"up": {"uv": [0, 0, 0.2, 2.1], "texture": "#missing"},
				"down": {"uv": [0, 0, 0.2, 2.1], "texture": "#missing"}
			}
		},
		{
			"from": [14, 7.7, 7.45],
			"to": [14.2, 9.7, 9.45],
			"faces": {
				"north": {"uv": [0, 0, 0.2, 2], "texture": "#missing"},
				"east": {"uv": [0, 0, 15.85, 16], "texture": "#3"},
				"south": {"uv": [0, 0, 0.2, 2], "texture": "#missing"},
				"west": {"uv": [0, 0, 16, 16], "texture": "#3"},
				"up": {"uv": [0, 0, 0.2, 2.1], "texture": "#missing"},
				"down": {"uv": [0, 0, 0.2, 2.1], "texture": "#missing"}
			}
		},
		{
			"from": [14, 1.6, 7.65],
			"to": [14.2, 3.2, 9.25],
			"faces": {
				"north": {"uv": [0, 0, 0.2, 2], "texture": "#3"},
				"east": {"uv": [0, 0, 15.85, 16], "texture": "#3"},
				"south": {"uv": [0, 0, 0.2, 2], "texture": "#3"},
				"west": {"uv": [0, 0, 16, 16], "texture": "#3"},
				"up": {"uv": [0, 0, 0.2, 2.1], "texture": "#missing"},
				"down": {"uv": [0, 0, 0.2, 2.1], "texture": "#missing"}
			}
		},
		{
			"from": [1.75, 3.5, 3.25],
			"to": [1.95, 5.5, 5.35],
			"faces": {
				"north": {"uv": [0, 0, 0.2, 2], "texture": "#missing"},
				"east": {"uv": [0, 0, 15.85, 16], "texture": "#3"},
				"south": {"uv": [0, 0, 0.2, 2], "texture": "#missing"},
				"west": {"uv": [0, 0, 16, 16], "texture": "#3"},
				"up": {"uv": [0, 0, 0.2, 2.1], "texture": "#missing"},
				"down": {"uv": [0, 0, 0.2, 2.1], "texture": "#missing"}
			}
		},
		{
			"from": [1.75, 5.65, 3.25],
			"to": [1.95, 7.65, 5.35],
			"faces": {
				"north": {"uv": [0, 0, 0.2, 2], "texture": "#missing"},
				"east": {"uv": [0, 0, 15.85, 16], "texture": "#3"},
				"south": {"uv": [0, 0, 0.2, 2], "texture": "#missing"},
				"west": {"uv": [0, 0, 15.85, 16], "texture": "#3"},
				"up": {"uv": [0, 0, 0.2, 2.1], "texture": "#missing"},
				"down": {"uv": [0, 0, 0.2, 2.1], "texture": "#missing"}
			}
		},
		{
			"from": [1.75, 3.5, 5.5],
			"to": [1.95, 5.5, 7.5],
			"faces": {
				"north": {"uv": [0, 0, 0.2, 2], "texture": "#missing"},
				"east": {"uv": [0, 0, 15.85, 16], "texture": "#3"},
				"south": {"uv": [0, 0, 0.2, 2], "texture": "#missing"},
				"west": {"uv": [0, 0, 16, 16], "texture": "#3"},
				"up": {"uv": [0, 0, 0.2, 2], "texture": "#missing"},
				"down": {"uv": [0, 0, 0.2, 2], "texture": "#missing"}
			}
		},
		{
			"from": [1.75, 5.65, 5.5],
			"to": [1.95, 7.65, 7.5],
			"faces": {
				"north": {"uv": [0, 0, 0.2, 2], "texture": "#missing"},
				"east": {"uv": [0, 0, 15.85, 16], "texture": "#3"},
				"south": {"uv": [0, 0, 0.2, 2], "texture": "#missing"},
				"west": {"uv": [0, 0, 15.85, 16], "texture": "#3"},
				"up": {"uv": [0, 0, 0.2, 2], "texture": "#missing"},
				"down": {"uv": [0, 0, 0.2, 2], "texture": "#missing"}
			}
		},
		{
			"from": [1.75, 3.5, 7.5],
			"to": [1.95, 5.5, 9.5],
			"faces": {
				"north": {"uv": [0, 0, 0.2, 2], "texture": "#missing"},
				"east": {"uv": [0, 0, 15.85, 16], "texture": "#3"},
				"south": {"uv": [0, 0, 0.2, 2], "texture": "#missing"},
				"west": {"uv": [0, 0, 16, 16], "texture": "#3"},
				"up": {"uv": [0, 0, 0.2, 2], "texture": "#missing"},
				"down": {"uv": [0, 0, 0.2, 2], "texture": "#missing"}
			}
		},
		{
			"from": [1.75, 5.65, 7.5],
			"to": [1.95, 7.65, 9.5],
			"faces": {
				"north": {"uv": [0, 0, 0.2, 2], "texture": "#missing"},
				"east": {"uv": [0, 0, 15.85, 16], "texture": "#3"},
				"south": {"uv": [0, 0, 0.2, 2], "texture": "#missing"},
				"west": {"uv": [0, 0, 15.85, 16], "texture": "#3"},
				"up": {"uv": [0, 0, 0.2, 2], "texture": "#missing"},
				"down": {"uv": [0, 0, 0.2, 2], "texture": "#missing"}
			}
		},
		{
			"from": [1.75, 3.5, 9.5],
			"to": [1.95, 5.5, 11.6],
			"faces": {
				"north": {"uv": [0, 0, 0.2, 2], "texture": "#missing"},
				"east": {"uv": [0, 0, 15.85, 16], "texture": "#3"},
				"south": {"uv": [0, 0, 0.2, 2], "texture": "#missing"},
				"west": {"uv": [0, 0, 16, 16], "texture": "#3"},
				"up": {"uv": [0, 0, 0.2, 2.1], "texture": "#missing"},
				"down": {"uv": [0, 0, 0.2, 2.1], "texture": "#missing"}
			}
		},
		{
			"from": [1.75, 5.65, 9.5],
			"to": [1.95, 7.65, 11.6],
			"faces": {
				"north": {"uv": [0, 0, 0.2, 2], "texture": "#missing"},
				"east": {"uv": [0, 0, 15.85, 16], "texture": "#3"},
				"south": {"uv": [0, 0, 0.2, 2], "texture": "#missing"},
				"west": {"uv": [0, 0, 15.85, 16], "texture": "#3"},
				"up": {"uv": [0, 0, 0.2, 2.1], "texture": "#missing"},
				"down": {"uv": [0, 0, 0.2, 2.1], "texture": "#missing"}
			}
		}
	],
	"display":
	{
		"head": {
			"rotation": [ -30, 0, 0 ],
			"translation": [ 0, -30.75, -7.25 ],
			"scale": [ 3.0125, 3.0125, 3.0125 ]
		}
	},
	"groups": [
		{
			"name": "Bottom",
			"origin": [8, 8, 8],
			"children": [0,
				{
					"name": "Legs",
					"origin": [8, 8, 8],
					"children": [1, 2, 3, 4]
				}
			]
		},
		{
			"name": "Heatsink",
			"origin": [8, 8, 8],
			"children": [
				{
					"name": "Heatsink4",
					"origin": [8, 8, 8],
					"children": [5, 6, 7, 8, 9, 10, 11, 12, 13, 14, 15, 16, 17, 18, 19, 20, 21, 22]
				},
				{
					"name": "Heatsink3",
					"origin": [8, 8, 8],
					"children": [23, 24, 25, 26, 27, 28, 29, 30, 31, 32, 33, 34, 35, 36, 37, 38, 39, 40, 41]
				},
				{
					"name": "Heatsink2",
					"origin": [8, 8, 8],
					"children": [42, 43, 44, 45, 46, 47, 48, 49, 50, 51, 52, 53, 54, 55, 56, 57, 58, 59, 60]
				},
				{
					"name": "Heatsink1",
					"origin": [8, 8, 8],
					"children": [61, 62, 63, 64, 65, 66, 67, 68, 69, 70, 71, 72, 73, 74, 75, 76, 77, 78, 79]
				},
				{
					"name": "Backside",
					"origin": [8, 8, 8],
					"children": [80, 81, 82, 83, 84, 85, 86, 87]
				}, 88, 89, 90, 91, 92, 93]
		},
		{
			"name": "group",
			"origin": [8, 8, 8],
			"children": [94, 95, 96, 97, 98, 99, 100, 101, 102, 103, 104, 105, 106]
		}, 107, 108, 109, 110, 111, 112, 113, 114,
		{
			"name": "group",
			"origin": [8, 8, 8],
			"children": [115, 116, 117, 118, 119, 120, 121, 122]
		}
	]
}
