{
	"credit": "Made with Blockbench",
	"textures": {
		"0": "blocks/cog",
		"1": "block/oak_planks",
		"2": "block/iron_block",
		"3": "blocks/transformer",
		"particle": "block/iron_block"
	},
	"elements": [
		{
			"from": [0, 1, 3],
			"to": [16, 2, 13],
			"faces": {
				"north": {"uv": [0, 0, 16, 2], "texture": "#1"},
				"east": {"uv": [0, 0, 10, 2], "texture": "#1"},
				"south": {"uv": [0, 0, 16, 2], "texture": "#1"},
				"west": {"uv": [0, 0, 10, 2], "texture": "#1"},
				"up": {"uv": [0, 0, 16, 16], "texture": "#1"},
				"down": {"uv": [0, 0, 16, 16], "texture": "#1"}
			}
		},
		{
			"from": [0, 0, 3],
			"to": [3, 1, 6],
			"faces": {
				"north": {"uv": [0, 0, 3, 1], "texture": "#0"},
				"east": {"uv": [0, 0, 3, 1], "texture": "#0"},
				"south": {"uv": [0, 0, 3, 1], "texture": "#0"},
				"west": {"uv": [0, 0, 3, 1], "texture": "#0"},
				"up": {"uv": [0, 0, 3, 3], "texture": "#missing"},
				"down": {"uv": [4, 4, 8, 8], "texture": "#0"}
			}
		},
		{
			"from": [13, 0, 3],
			"to": [16, 1, 6],
			"faces": {
				"north": {"uv": [0, 0, 3, 1], "texture": "#0"},
				"east": {"uv": [0, 0, 3, 1], "texture": "#0"},
				"south": {"uv": [0, 0, 3, 1], "texture": "#0"},
				"west": {"uv": [0, 0, 3, 1], "texture": "#0"},
				"up": {"uv": [0, 0, 3, 3], "texture": "#missing"},
				"down": {"uv": [4, 4, 8, 8], "texture": "#0"}
			}
		},
		{
			"from": [0, 0, 10],
			"to": [3, 1, 13],
			"faces": {
				"north": {"uv": [0, 0, 3, 1], "texture": "#0"},
				"east": {"uv": [0, 0, 3, 1], "texture": "#0"},
				"south": {"uv": [0, 0, 3, 1], "texture": "#0"},
				"west": {"uv": [0, 0, 3, 1], "texture": "#0"},
				"up": {"uv": [0, 0, 3, 3], "texture": "#missing"},
				"down": {"uv": [4, 4, 8, 8], "texture": "#0"}
			}
		},
		{
			"from": [13, 0, 10],
			"to": [16, 1, 13],
			"faces": {
				"north": {"uv": [0, 0, 3, 1], "texture": "#0"},
				"east": {"uv": [0, 0, 3, 1], "texture": "#0"},
				"south": {"uv": [0, 0, 3, 1], "texture": "#0"},
				"west": {"uv": [0, 0, 3, 1], "texture": "#0"},
				"up": {"uv": [0, 0, 3, 3], "texture": "#missing"},
				"down": {"uv": [4, 4, 8, 8], "texture": "#0"}
			}
		},
		{
			"from": [7.75, 4.5, 6],
			"to": [8.25, 13.5, 6.5],
			"faces": {
				"north": {"uv": [0, 0, 0.5, 9], "texture": "#2"},
				"east": {"uv": [0, 0, 0.5, 9], "texture": "#2"},
				"south": {"uv": [0, 0, 0.5, 9], "texture": "#2"},
				"west": {"uv": [0, 0, 0.5, 9], "texture": "#2"},
				"up": {"uv": [0, 0, 0.5, 9], "texture": "#2"},
				"down": {"uv": [0, 0, 0.5, 9], "texture": "#2"}
			}
		},
		{
			"from": [0, 4.5, 6],
			"to": [0.5, 13.5, 6.5],
			"faces": {
				"north": {"uv": [0, 0, 0.5, 9], "texture": "#2"},
				"east": {"uv": [0, 0, 0.5, 9], "texture": "#2"},
				"south": {"uv": [0, 0, 0.5, 9], "texture": "#2"},
				"west": {"uv": [0, 0, 0.5, 9], "texture": "#2"},
				"up": {"uv": [0, 0, 0.5, 9], "texture": "#2"},
				"down": {"uv": [0, 0, 0.5, 9], "texture": "#2"}
			}
		},
		{
			"from": [15.5, 4.5, 6],
			"to": [16, 13.5, 6.5],
			"faces": {
				"north": {"uv": [0, 0, 0.5, 9], "texture": "#2"},
				"east": {"uv": [0, 0, 0.5, 9], "texture": "#2"},
				"south": {"uv": [0, 0, 0.5, 9], "texture": "#2"},
				"west": {"uv": [0, 0, 0.5, 9], "texture": "#2"},
				"up": {"uv": [0, 0, 0.5, 9], "texture": "#2"},
				"down": {"uv": [0, 0, 0.5, 9], "texture": "#2"}
			}
		},
		{
			"from": [15.5, 4.5, 9.5],
			"to": [16, 13.5, 10],
			"faces": {
				"north": {"uv": [0, 0, 0.5, 9], "texture": "#2"},
				"east": {"uv": [0, 0, 0.5, 9], "texture": "#2"},
				"south": {"uv": [0, 0, 0.5, 9], "texture": "#2"},
				"west": {"uv": [0, 0, 0.5, 9], "texture": "#2"},
				"up": {"uv": [0, 0, 0.5, 9], "texture": "#2"},
				"down": {"uv": [0, 0, 0.5, 9], "texture": "#2"}
			}
		},
		{
			"from": [7.75, 4.5, 9.5],
			"to": [8.25, 13.5, 10],
			"faces": {
				"north": {"uv": [0, 0, 0.5, 9], "texture": "#2"},
				"east": {"uv": [0, 0, 0.5, 9], "texture": "#2"},
				"south": {"uv": [0, 0, 0.5, 9], "texture": "#2"},
				"west": {"uv": [0, 0, 0.5, 9], "texture": "#2"},
				"up": {"uv": [0, 0, 0.5, 9], "texture": "#2"},
				"down": {"uv": [0, 0, 0.5, 9], "texture": "#2"}
			}
		},
		{
			"from": [0, 4.5, 9.5],
			"to": [0.5, 13.5, 10],
			"faces": {
				"north": {"uv": [0, 0, 0.5, 9], "texture": "#2"},
				"east": {"uv": [0, 0, 0.5, 9], "texture": "#2"},
				"south": {"uv": [0, 0, 0.5, 9], "texture": "#2"},
				"west": {"uv": [0, 0, 0.5, 9], "texture": "#2"},
				"up": {"uv": [0, 0, 0.5, 9], "texture": "#2"},
				"down": {"uv": [0, 0, 0.5, 9], "texture": "#2"}
			}
		},
		{
			"from": [-0.5, 12.5, 9.25],
			"to": [16.5, 13, 10.25],
			"faces": {
				"north": {"uv": [0, 0, 16, 0.5], "texture": "#2"},
				"east": {"uv": [0, 0, 16, 0.5], "texture": "#2"},
				"south": {"uv": [0, 0, 16, 0.5], "texture": "#2"},
				"west": {"uv": [0, 0, 16, 0.5], "texture": "#2"},
				"up": {"uv": [0, 0, 16, 0.5], "texture": "#2"},
				"down": {"uv": [0, 0, 16, 0.5], "texture": "#2"}
			}
		},
		{
			"from": [-0.5, 12.5, 5.75],
			"to": [16.5, 13, 6.75],
			"faces": {
				"north": {"uv": [0, 0, 16, 0.5], "texture": "#2"},
				"east": {"uv": [0, 0, 16, 0.5], "texture": "#2"},
				"south": {"uv": [0, 0, 16, 0.5], "texture": "#2"},
				"west": {"uv": [0, 0, 16, 0.5], "texture": "#2"},
				"up": {"uv": [0, 0, 16, 0.5], "texture": "#2"},
				"down": {"uv": [0, 0, 16, 0.5], "texture": "#2"}
			}
		},
		{
			"from": [15.75, 15.35, 6.75],
			"to": [16.25, 17.85, 7.25],
			"faces": {
				"north": {"uv": [0, 0, 0.5, 2.5], "texture": "#2"},
				"east": {"uv": [0, 0, 0.5, 2.5], "texture": "#2"},
				"south": {"uv": [0, 0, 0.5, 2.5], "texture": "#2"},
				"west": {"uv": [0, 0, 0.5, 2.5], "texture": "#2"},
				"up": {"uv": [0, 0, 0.5, 2.5], "texture": "#2"},
				"down": {"uv": [0, 0, 0.5, 2.5], "texture": "#2"}
			}
		},
		{
			"from": [15.75, 15.35, 8.75],
			"to": [16.25, 17.85, 9.25],
			"faces": {
				"north": {"uv": [0, 0, 0.5, 2.5], "texture": "#2"},
				"east": {"uv": [0, 0, 0.5, 2.5], "texture": "#2"},
				"south": {"uv": [0, 0, 0.5, 2.5], "texture": "#2"},
				"west": {"uv": [0, 0, 0.5, 2.5], "texture": "#2"},
				"up": {"uv": [0, 0, 0.5, 2.5], "texture": "#2"},
				"down": {"uv": [0, 0, 0.5, 2.5], "texture": "#2"}
			}
		},
		{
			"from": [15.25, 17.85, 6.25],
			"to": [16.75, 18.1, 9.75],
			"faces": {
				"north": {"uv": [0, 0, 1.5, 3.5], "texture": "#2"},
				"east": {"uv": [0, 0, 1.5, 3.5], "texture": "#2"},
				"south": {"uv": [0, 0, 1.5, 3.5], "texture": "#2"},
				"west": {"uv": [0, 0, 1.5, 3.5], "texture": "#2"},
				"up": {"uv": [0, 0, 1.5, 3.5], "texture": "#2"},
				"down": {"uv": [0, 0, 1.5, 3.5], "texture": "#2"}
			}
		},
		{
			"from": [-0.25, 15.35, 6.75],
			"to": [0.25, 17.85, 7.25],
			"faces": {
				"north": {"uv": [0, 0, 0.5, 2.5], "texture": "#2"},
				"east": {"uv": [0, 0, 0.5, 2.5], "texture": "#2"},
				"south": {"uv": [0, 0, 0.5, 2.5], "texture": "#2"},
				"west": {"uv": [0, 0, 0.5, 2.5], "texture": "#2"},
				"up": {"uv": [0, 0, 0.5, 2.5], "texture": "#2"},
				"down": {"uv": [0, 0, 0.5, 2.5], "texture": "#2"}
			}
		},
		{
			"from": [-0.25, 15.35, 8.75],
			"to": [0.25, 17.85, 9.25],
			"faces": {
				"north": {"uv": [0, 0, 0.5, 2.5], "texture": "#2"},
				"east": {"uv": [0, 0, 0.5, 2.5], "texture": "#2"},
				"south": {"uv": [0, 0, 0.5, 2.5], "texture": "#2"},
				"west": {"uv": [0, 0, 0.5, 2.5], "texture": "#2"},
				"up": {"uv": [0, 0, 0.5, 2.5], "texture": "#2"},
				"down": {"uv": [0, 0, 0.5, 2.5], "texture": "#2"}
			}
		},
		{
			"from": [-0.75, 17.85, 6.25],
			"to": [0.75, 18.1, 9.75],
			"faces": {
				"north": {"uv": [0, 0, 1.5, 3.5], "texture": "#2"},
				"east": {"uv": [0, 0, 1.5, 3.5], "texture": "#2"},
				"south": {"uv": [0, 0, 1.5, 3.5], "texture": "#2"},
				"west": {"uv": [0, 0, 1.5, 3.5], "texture": "#2"},
				"up": {"uv": [0, 0, 1.5, 3.5], "texture": "#2"},
				"down": {"uv": [0, 0, 1.5, 3.5], "texture": "#2"}
			}
		},
		{
			"from": [0, 2, 5],
			"to": [16, 2.5, 7],
			"faces": {
				"north": {"uv": [4, 4, 8, 4.5], "texture": "#0"},
				"east": {"uv": [4, 4, 8, 4.5], "texture": "#0"},
				"south": {"uv": [4, 4, 8, 4.5], "texture": "#0"},
				"west": {"uv": [4, 4, 8, 4.5], "texture": "#0"},
				"up": {"uv": [4, 4, 8, 4.5], "texture": "#0"},
				"down": {"uv": [4, 4, 8, 4.5], "texture": "#0"}
			}
		},
		{
			"from": [-0.5, 2.5, 5.5],
			"to": [16.5, 4.5, 10.5],
			"faces": {
				"north": {"uv": [4, 7, 8, 8], "texture": "#0"},
				"east": {"uv": [4, 7, 8, 8], "texture": "#0"},
				"south": {"uv": [4, 7, 8, 8], "texture": "#0"},
				"west": {"uv": [4, 7, 8, 8], "texture": "#0"},
				"up": {"uv": [4, 7, 8, 8], "texture": "#0"},
				"down": {"uv": [4, 7, 8, 8], "texture": "#0"}
			}
		},
		{
			"from": [0, 2, 9],
			"to": [16, 2.5, 11],
			"faces": {
				"north": {"uv": [4, 4, 8, 4.5], "texture": "#0"},
				"east": {"uv": [4, 4, 8, 4.5], "texture": "#0"},
				"south": {"uv": [4, 4, 8, 4.5], "texture": "#0"},
				"west": {"uv": [4, 4, 8, 4.5], "texture": "#0"},
				"up": {"uv": [4, 4, 8, 4.5], "texture": "#0"},
				"down": {"uv": [4, 4, 8, 4.5], "texture": "#0"}
			}
		},
		{
			"from": [-0.35, 12.85, 6.5],
			"to": [16.35, 15.35, 9.5],
			"faces": {
				"north": {"uv": [4, 4, 8, 6.5], "texture": "#0"},
				"east": {"uv": [4, 4, 8, 6.5], "texture": "#0"},
				"south": {"uv": [4, 4, 8, 6.5], "texture": "#0"},
				"west": {"uv": [4, 4, 8, 6.5], "texture": "#0"},
				"up": {"uv": [4, 4, 8, 6.5], "texture": "#0"},
				"down": {"uv": [4, 4, 8, 6.5], "texture": "#0"}
			}
		},
		{
			"from": [-1.25, 18.1, 5.75],
			"to": [17.25, 18.6, 10.25],
			"faces": {
				"north": {"uv": [4, 5.5, 8, 8], "texture": "#0"},
				"east": {"uv": [4, 5.5, 8, 8], "texture": "#0"},
				"south": {"uv": [4, 5.5, 8, 8], "texture": "#0"},
				"west": {"uv": [4, 5.5, 8, 8], "texture": "#0"},
				"up": {"uv": [4, 5.5, 8, 8], "texture": "#0"},
				"down": {"uv": [4, 5.5, 8, 8], "texture": "#0"}
			}
		},
		{
			"from": [10.5, 4.5, 6],
			"to": [15, 12.5, 10],
			"faces": {
				"north": {"uv": [0, 8, 4.5, 16], "texture": "#3"},
				"east": {"uv": [0, 8, 4.5, 16], "texture": "#3"},
				"south": {"uv": [0, 8, 4.5, 16], "texture": "#3"},
				"west": {"uv": [0, 8, 4.5, 16], "texture": "#3"},
				"up": {"uv": [5, 12, 9.5, 16], "texture": "#3"},
				"down": {"uv": [0, 8, 4.5, 16], "texture": "#3"}
			}
		},
		{
			"from": [5.75, 4.5, 6.25],
			"to": [10.25, 12.5, 9.75],
			"faces": {
				"north": {"uv": [0, 8, 4.5, 16], "texture": "#3"},
				"east": {"uv": [0, 8, 4.5, 16], "texture": "#3"},
				"south": {"uv": [0, 8, 4.5, 16], "texture": "#3"},
				"west": {"uv": [0, 8, 4.5, 16], "texture": "#3"},
				"up": {"uv": [5, 12.5, 9.5, 16], "texture": "#3"},
				"down": {"uv": [0, 8, 4.5, 16], "texture": "#3"}
			}
		},
		{
			"from": [1, 4.5, 6],
			"to": [5.5, 12.5, 10],
			"faces": {
				"north": {"uv": [0, 8, 4.5, 16], "texture": "#3"},
				"east": {"uv": [0, 8, 4.5, 16], "texture": "#3"},
				"south": {"uv": [0, 8, 4.5, 16], "texture": "#3"},
				"west": {"uv": [0, 8, 4.5, 16], "texture": "#3"},
				"up": {"uv": [5, 12, 9.5, 16], "texture": "#3"},
				"down": {"uv": [0, 8, 4.5, 16], "texture": "#3"}
			}
		},
		{
			"from": [12.54347, 14.5, 4.86854],
			"to": [14.54347, 22.5, 6.86854],
			"rotation": {"angle": -22.5, "axis": "y", "origin": [8, 8, 8]},
			"faces": {
				"north": {"uv": [0, 0, 2, 8], "texture": "#3"},
				"east": {"uv": [0, 0, 2, 8], "texture": "#3"},
				"south": {"uv": [0, 0, 2, 8], "texture": "#3"},
				"west": {"uv": [0, 0, 2, 8], "texture": "#3"},
				"up": {"uv": [2, 0, 4, 2], "texture": "#3"},
				"down": {"uv": [2, 0, 4, 2], "texture": "#3"}
			}
		},
		{
			"from": [7.00019, 14.5, 7.16464],
			"to": [9.00019, 22.5, 9.16464],
			"rotation": {"angle": -22.5, "axis": "y", "origin": [8, 8, 8]},
			"faces": {
				"north": {"uv": [0, 0, 2, 8], "texture": "#3"},
				"east": {"uv": [0, 0, 2, 8], "texture": "#3"},
				"south": {"uv": [0, 0, 2, 8], "texture": "#3"},
				"west": {"uv": [0, 0, 2, 8], "texture": "#3"},
				"up": {"uv": [2, 0, 4, 2], "texture": "#3"},
				"down": {"uv": [2, 0, 4, 2], "texture": "#3"}
			}
		},
		{
			"from": [1.45692, 14.5, 9.46075],
			"to": [3.45692, 22.5, 11.46075],
			"rotation": {"angle": -22.5, "axis": "y", "origin": [8, 8, 8]},
			"faces": {
				"north": {"uv": [0, 0, 2, 8], "texture": "#3"},
				"east": {"uv": [0, 0, 2, 8], "texture": "#3"},
				"south": {"uv": [0, 0, 2, 8], "texture": "#3"},
				"west": {"uv": [0, 0, 2, 8], "texture": "#3"},
				"up": {"uv": [2, 0, 4, 2], "texture": "#3"},
				"down": {"uv": [2, 0, 4, 2], "texture": "#3"}
			}
		}
	],
	"display":
	{
		"head": {
			"rotation": [ -30, 0, 0 ],
			"translation": [ 0, -30.75, -7.25 ],
			"scale": [ 3.0125, 3.0125, 3.0125 ]
		}
	},
	"groups": [
		{
			"name": "Base",
			"origin": [8, 8, 8],
			"children": [0,
				{
					"name": "Legs",
					"origin": [8, 8, 8],
					"children": [1, 2, 3, 4]
				}
			]
		},
		{
			"name": "Pillars",
			"origin": [8, 8, 8],
			"children": [5, 6, 7, 8, 9, 10, 11, 12, 13, 14, 15, 16, 17, 18]
		},
		{
			"name": "Metal parts",
			"origin": [8, 8, 8],
			"children": [19, 20, 21, 22, 23]
		},
		{
			"name": "Copper Chambers",
			"origin": [8, 8, 8],
			"children": [24, 25, 26]
		},
		{
			"name": "Conductors",
			"origin": [8, 8, 8],
			"children": [27, 28, 29]
		}
	]
}
